Use_Case_ID,Benefit Programs,Diplomacy and Trade,"Finance, Economy",Education and Workforce,Emergency Management,Energy,Environment and Natural Resources,General Admin,Grants,Health and Medical,Law and Justice,Science and Technology,Space,Transportation,Veteran Care and Services,Zoological,Mission-enabling,total_categories,Department_Code,Title
USDA-0029-2023,0,0,0,0,0,0,1,0,1,0,0,0,0,0,0,0,0,2,USDA,Climate Change Classification NLP
DOI-0007-2023,0,0,0,0,0,0,0,0,0,0,0,1,0,0,0,0,0,1,DOI,Improving UAS-derived photogrammetric data and analysis accuracy and confidence for high-resolution data sets using artificial intelligence and machine learning
DOE-0090-2023,0,0,0,0,0,0,0,0,0,0,0,1,0,0,0,0,0,1,DOE,To develop a general drag model for assemblies of non-spherical particles created with artificial neural networks
DOI-0015-2023,0,0,0,0,0,0,0,0,0,0,0,1,0,0,0,0,0,1,DOI,"Data Mining, Machine Learning and the IHS Markit Databases"
DHS-0011-2023,0,0,0,0,0,0,0,0,0,0,1,1,0,0,0,0,1,3,DHS,Use of technology to identify proof of life
DOE-0114-2023,0,0,0,0,0,1,0,0,0,0,0,1,0,0,0,0,0,2,DOE,To fill critical data gaps in big data analytics and machine learning applications to inform decision making and improve the ultimate recovery of unconventional oil and natural gas resources.
DHS-0038-2023,0,0,0,0,0,0,0,0,0,0,0,0,0,0,0,0,0,0,DHS,Predicted to Naturalize
DOS-0005-2023,0,0,0,0,0,0,0,1,0,0,0,0,0,0,0,0,0,1,DOS,Within Grade Increase Automation
HHS-0012-2023,0,0,0,0,0,0,0,0,0,1,0,1,0,0,0,0,0,2,HHS,Digital MCM: Visual Dx
HHS-0090-2023,0,0,0,0,0,0,0,0,0,1,0,1,0,0,0,0,0,2,HHS,"AI Engine for Knowledge discovery, Post-market Surveillance and Signal Detection"
DOS-0010-2023,0,0,0,0,0,0,0,0,0,0,0,1,0,0,0,0,0,1,DOS,Automated Damage Assessments
HHS-0079-2023,0,0,0,0,0,0,0,0,0,1,0,1,0,0,0,0,0,2,HHS,MASTER PLAN Y4
DOE-0001-2023,0,0,0,0,0,0,0,0,0,0,0,1,0,0,0,0,0,1,DOE,Machine Learning for Autonomous Control of Scientific User Facilities
GSA-0005-2023,0,0,0,0,0,0,0,0,0,0,0,0,0,0,0,0,1,1,GSA,Chatbot for Federal Acquisition Community
DOL-0000-2023,0,0,0,0,0,0,0,0,0,0,0,0,0,0,0,0,0,0,DOL,Form Recognizer for Benefits Forms
DOE-0015-2023,0,0,0,0,0,1,0,0,0,0,0,1,0,0,0,0,0,2,DOE,Streamining intelligent detectors for sPHENIX/EIC
DOI-0020-2023,0,0,0,0,1,0,1,0,0,0,0,1,0,0,0,0,0,3,DOI,WRA.HIHR.WAIEE Building capacity for assessment and prediction of post-wildfire water availability
HHS-0111-2023,0,0,0,0,0,0,0,0,1,1,0,1,0,0,0,0,1,4,HHS,Detection of Implementation Science focus within incoming grant applications
HHS-0039-2023,0,0,0,0,0,0,0,0,0,1,0,0,0,0,0,0,0,1,HHS,Nowcasting Suicide Trends
USDA-0014-2023,0,0,0,0,0,0,0,0,0,0,0,0,0,0,0,0,0,0,USDA,Retailer Receipt Analysis
HHS-0067-2023,0,0,0,0,0,0,0,0,0,1,0,1,0,0,0,0,0,2,HHS,Development of Machine Learning Approaches to Population Pharmacokinetic Model Selection and Evaluation of Application to Model-Based Bioequivalence Analysis
USDA-0038-2023,0,0,0,0,0,0,0,0,0,0,0,0,0,0,0,0,0,0,USDA,Video Surveillance System
USDA-0035-2023,0,0,0,0,0,0,0,0,0,0,0,1,0,0,0,0,1,2,USDA,Acquisition Approval Request Compliance Tool
DOE-0037-2023,0,0,0,0,0,0,0,0,0,0,0,1,0,0,0,0,0,1,DOE,Computational methods for the characterization of CO2 chemisorption in amine- functionalized MOFs.
DOS-0016-2023,0,0,0,0,0,0,0,0,0,0,0,0,0,0,0,0,0,0,DOS,Global Audience Segmentation Framework
DOE-0146-2023,0,0,0,0,0,0,0,0,0,0,0,1,0,0,0,0,0,1,DOE,Use ML to reduce high-fidelity physical models to a fast calculation that requires minimal effort to initiate.
DOE-0151-2023,0,0,0,0,0,0,0,0,0,0,0,1,0,0,0,0,0,1,DOE,Using ML to design sensing materials which can work under harsh environments.
DOL-0016-2023,0,0,1,0,0,0,0,0,0,0,0,0,0,0,0,0,0,1,DOL,Scanner Data Product Classification
HHS-0113-2023,0,0,0,0,0,0,0,0,1,1,0,1,0,0,0,0,0,3,HHS,"Division of Allergy, Immunology, and Transplantation (DAIT) AIDS-Related Research Solution"
VA-0025-2023,0,0,0,0,0,1,0,0,0,1,0,1,0,0,1,0,0,4,VA,VA-DoE Suicide Exemplar Project
DOE-0100-2023,0,0,0,0,0,1,0,0,0,0,0,1,0,0,0,0,0,2,DOE,To develop drag models for non- spherical particles through machine learning
DOE-0093-2023,0,0,0,0,0,0,0,0,0,0,0,1,0,0,0,0,0,1,DOE,To develop an AI-driven integrated autonomous robotic visual inspection (RVI) platform.
HHS-0155-2023,0,0,0,0,0,0,0,0,1,1,0,0,0,0,0,0,1,3,HHS,Contracts and Grants Analytics Portal
HHS-0153-2023,0,0,0,0,0,1,0,0,0,0,0,0,0,0,0,0,0,1,HHS,Chiller Plant Optimization
DOE-0126-2023,0,0,0,0,0,0,0,0,0,0,0,1,0,0,0,0,0,1,DOE,To leverage ML models to increase the size and complexity of problems that can be optimized within IDAES.
VA-0011-2023,0,0,0,0,0,0,0,0,0,1,0,0,0,0,1,0,0,2,VA,Behavidence
NASA-0005-2023,0,0,0,0,0,0,0,0,0,0,0,1,0,0,0,0,0,1,NASA,Pre-trained microscopy image neural network Encoders
HHS-0026-2023,0,0,0,0,0,0,0,0,0,0,0,1,0,1,0,0,0,2,HHS,Automating extraction of sidewalk networks from street-level images
HHS-0055-2023,0,0,0,0,0,0,0,0,0,1,0,0,0,0,0,0,0,1,HHS,Medicaid And CHIP Financial (MACFin) DSH Payment Forecasting model
NASA-0013-2023,0,0,0,0,0,0,0,0,0,0,0,1,1,0,0,0,0,2,NASA,Hybrid On-Board and Ground-Based Processing of Massive Sensor Data (HyspIRI IPM)
DOE-0054-2023,0,0,0,0,0,0,0,0,0,0,0,1,0,0,0,0,0,1,DOE,Machine Learning for geophysical data inversion
NASA-0006-2023,0,0,0,0,0,0,0,0,0,0,0,1,0,0,0,0,0,1,NASA,Application that provides bio-inspired solutions to engineering problems (PeTaL)
DOC-0047-2023,0,0,0,0,0,0,0,0,0,0,0,1,0,0,0,0,0,1,DOC,Enriched Citation
USDA-0000-2023,0,0,0,0,0,0,1,0,0,0,0,1,0,0,0,0,0,2,USDA,Predictive modeling of invasive pest species and category at the port of entry using machine learning algorithms
DOE-0095-2023,0,0,0,0,0,0,1,0,0,0,0,0,0,1,0,0,0,2,DOE,To develop and create an autonomous robotic inspection system.
USDA-0033-2023,0,0,0,0,0,0,0,0,0,0,0,1,0,0,0,0,0,1,USDA,Digital Imagery (no-change) for NRI program
DOL-0004-2023,0,0,0,0,0,0,0,0,0,0,0,0,0,0,0,0,0,0,DOL,Claims Document Processing
DOI-0000-2023,0,0,0,0,0,0,1,0,0,0,0,0,0,0,0,0,0,1,DOI,Land Use Plan Document and Data Mining and Analysis R&D
USAID-0009-2023,0,0,0,0,0,0,0,0,0,1,0,1,0,0,0,0,0,2,USAID,Mali: AI predictions for the optimization of the allocation of the distribution of COVID-19 vaccines
VA-0037-2023,0,0,0,0,0,0,0,0,0,1,0,1,0,0,0,0,0,2,VA,Interpretation/triage of eye images
DHS-0019-2023,0,0,0,0,0,0,0,0,0,0,0,1,0,0,0,0,0,1,DHS,Cyber Incident Reporting
HHS-0002-2023,0,0,0,0,0,0,0,0,0,0,0,0,0,0,0,0,0,0,HHS,Chatbot
HHS-0030-2023,0,0,0,0,0,0,0,0,0,0,0,1,0,0,0,0,0,1,HHS,Use of Natural Language Processing for Topic Modeling to Automate Review of Public Comments to Notice of Proposed Rulemaking
VA-0031-2023,0,0,0,0,0,0,0,0,0,1,0,0,0,0,1,0,0,2,VA,Reinforcement learning evaluation of treatment policies for patients with hepatitis C virus
DOE-0118-2023,0,0,0,0,0,1,0,0,0,0,0,1,0,0,0,0,0,2,DOE,To implement boiler health monitoring using a hybrid first principles-artificial intelligence model
TREAS-0005-2023,0,0,0,0,0,0,0,0,0,0,0,0,0,0,0,0,0,0,TREAS,CX Analytics
USDA-0034-2023,0,0,0,0,0,0,0,0,0,0,0,1,0,0,0,0,0,1,USDA,Artificial Intelligence SPAM Mitigation Project
DOC-0016-2023,0,0,0,0,0,0,1,0,0,0,0,1,0,0,0,0,0,2,DOC,Coastal Change Analysis Program (C-CAP)
DOL-0008-2023,0,0,0,0,0,0,0,0,0,0,0,0,0,0,0,0,0,0,DOL,DOL Intranet Website Chatbot Assistant
DOE-0069-2023,0,0,0,0,0,0,0,0,0,0,0,0,0,0,0,0,0,0,DOE,To drive insights on the dependencies between the natural gas and electricity sectors to increase reliability of the NG system
DOC-0026-2023,0,0,0,0,0,0,0,0,0,0,0,1,0,0,0,0,0,1,DOC,"CoralNet: Ongoing operational use, improvement, and development, of machine vision point classification"
HHS-0009-2023,0,0,0,0,0,0,0,0,0,1,0,1,0,0,0,0,0,2,HHS,Digital MCM: Virufy
DOE-0051-2023,0,0,0,0,0,0,0,0,0,0,0,1,0,0,0,0,0,1,DOE,Geochemically Informed Leak Detection (GILD)
HHS-0115-2023,0,0,0,0,0,0,0,0,0,1,0,0,0,0,0,0,0,1,HHS,Tuberculosis (TB) Case Browser Image Text Detection
USAID-0011-2023,0,0,0,0,0,0,0,0,0,0,0,1,0,0,0,0,0,1,USAID,NASA SERVIR - Bias Correcting Historical GEOGloWS ECMWF Streamflow Service (GESS) data using Machine Learning (ML) Techniques
DOL-0013-2023,0,0,0,0,0,0,0,0,0,0,0,0,0,0,0,0,0,0,DOL,Automatic Data Processing Workflow with Form Recognizer
DOC-0006-2023,0,0,0,0,0,0,0,0,0,0,0,0,0,0,0,0,0,0,DOC,Fisheries Electronic Monitoring Image Library
HHS-0075-2023,0,0,0,0,0,0,0,0,0,1,0,1,0,0,0,0,0,2,HHS,Information Visualization Platform (InfoViP) to support analysis of individual case safety reports
DOS-0002-2023,0,0,0,0,0,0,0,0,0,0,0,0,0,0,0,0,1,1,DOS,Tailored Integration Logistics Management System (ILMS) User Analytics
HHS-0014-2023,0,0,0,0,0,0,0,0,0,1,0,1,0,0,0,0,1,3,HHS,Data Modernization
DOI-0001-2023,0,0,0,0,0,0,1,0,0,0,0,1,0,0,0,0,0,2,DOI,Seasonal/Temporary Wetland/Floodplain Delineation using Remote Sensing and Deep Learning
DOC-0027-2023,0,0,0,0,0,0,1,0,0,0,0,1,0,1,0,0,0,3,DOC,Automated detection of hazardous low clouds in support of safe and efficient transportation
DOE-0038-2023,0,0,0,0,0,0,0,0,0,0,0,1,0,0,0,0,0,1,DOE,Creation of polymer datasets and inverse design of polymers with targeted backbones having High CO2 permeability and high CO2/N2 selectivity.
DOE-0120-2023,0,0,0,0,0,1,0,0,0,0,0,0,0,0,0,0,0,1,DOE,To implement novel SSC-CCS sensing technology and associated condition-based monitoring (CBM) software for improved understanding of the boiler tube failure mechanisms
TREAS-0008-2023,0,0,0,0,0,0,0,0,0,0,0,0,0,0,0,0,1,1,TREAS,Inventory Item Replenishment MLR Modeling POC - Phase 1a
DOE-0086-2023,0,0,0,0,0,1,0,0,0,0,0,1,0,0,0,0,0,2,DOE,"To design, proto-type and demonstrate a miniaturized implementation of a multi-process, high-spatial-resolution monitoring system for boiler condition management."
HHS-0086-2023,0,0,0,0,0,0,0,0,0,1,0,1,0,0,0,0,0,2,HHS,Automatic Recognition of Individuals by Pharmacokinetic Profiles to Identify Data Anomalies
TREAS-0003-2023,0,0,0,0,0,0,0,0,0,0,0,0,0,0,0,0,0,0,TREAS,Collection Chat Bot
DOE-0030-2023,0,0,0,0,1,0,1,0,0,0,0,1,0,0,0,0,0,3,DOE,Advanced model to forecast offshore landslide risks and marine geohazards
SSA-0011-2023,0,0,0,0,0,0,0,0,0,0,0,1,0,0,0,0,0,1,SSA,Handwriting recognition from forms
DOE-0099-2023,0,0,0,0,0,1,0,0,0,0,0,1,0,0,0,0,0,2,DOE,To develop artificial intelligence- enabled tools (ArtIT) for cyber hardening of power grids.
DHS-0009-2023,0,0,0,0,0,0,0,0,0,0,0,1,0,0,0,0,0,1,DHS,Integrated Digital Environment
HHS-0072-2023,0,0,0,0,0,0,0,0,0,1,0,1,0,0,0,0,0,2,HHS,Centers of Excellence in Regulatory Science and Innovation (CERSI) project - Leveraging AI for improving remote interactions.
VA-0032-2023,0,0,0,0,0,0,0,0,0,1,0,1,0,0,1,0,0,3,VA,Predicting hepatocellular carcinoma in patients with hepatitis C
USAID-0012-2023,0,0,0,0,0,0,1,0,0,0,0,1,0,0,0,0,0,2,USAID,"NASA SERVIR - Using artificial intelligence to forecast harmful algae blooms in Lake Atitlán, Guatemala"
DOE-0106-2023,0,0,0,0,0,0,0,0,0,0,0,1,0,0,0,0,0,1,DOE,To drive insights on pipeline maintenance and repair strategies to reduce incidents of pipeline leakage; support evaluation of use and reuse strategies
DOE-0029-2023,0,0,0,0,0,0,0,0,0,0,0,1,0,0,0,0,0,1,DOE,Advanced Image Segmentation
DOL-0015-2023,0,0,0,0,0,0,0,0,0,0,0,0,0,0,0,0,0,0,DOL,OEWS Occupation Autocoder
SSA-0010-2023,0,0,0,0,0,0,0,0,0,0,0,1,0,0,0,0,0,1,SSA,Duplicate Identification Process (DIP)
HHS-0058-2023,0,0,0,0,0,0,0,0,0,0,0,1,0,0,0,0,0,1,HHS,Risk Adjustment Payment Integrity Determination System (RAPIDS)
HHS-0108-2023,0,0,0,0,0,0,0,0,0,1,0,0,0,0,0,0,0,1,HHS,individual Functional Activity Composite Tool (inFACT)
DOE-0112-2023,0,0,0,0,0,1,0,0,0,0,0,1,0,0,0,0,0,2,DOE,To evaluate current infrastructure throughout a study area and evaluating future infrastructure needs to accelerate the deployment of CCUS
DOC-0041-2023,0,0,0,0,0,0,0,0,0,0,0,1,0,0,0,0,0,1,DOC,Picky
HHS-0017-2023,0,0,0,0,0,0,0,0,0,1,0,0,0,0,0,0,0,1,HHS,Community Access to Testing
NARA-0000-2023,0,0,0,0,0,0,0,0,0,0,0,1,0,0,0,0,1,2,NARA,AI Pilot Project to Screen and Flag for Personally Identifiable Information (PII) in Digitized Archival Records
DOC-0020-2023,0,0,0,0,1,0,1,0,0,0,0,1,0,0,0,0,0,3,DOC,Coral Reef Watch
HHS-0032-2023,0,0,0,0,0,0,0,0,0,1,0,1,0,0,0,0,0,2,HHS,Sequential Coverage Algorithm (SCA) and partial Expectation-Maximization (EM) estimation in Record Linkage
DHS-0024-2023,0,0,0,0,0,0,0,0,0,0,0,1,0,0,0,0,0,1,DHS,Security Information and Event Management (SIEM) Alerting Models
DOS-0011-2023,0,0,0,0,0,0,0,0,0,0,0,1,0,0,0,0,0,1,DOS,ServiceNow AI-Powered Virtual Agent (Chatbot)
DOI-0016-2023,0,0,0,0,0,0,1,0,0,0,0,1,0,0,0,0,0,2,DOI,Aluminum Criteria Development in Massachusetts
HHS-0049-2023,0,0,0,0,0,0,0,0,0,1,0,0,0,0,0,0,0,1,HHS,Central Data Abstraction Tool-Modernized (Modernized-CDAT)- Intake Process Automation (PA) Tool
HHS-0125-2023,0,0,0,0,0,0,0,0,1,0,0,1,0,0,0,0,0,2,HHS,Similarity-based Application and Investigator Matching (SAIM)
DOT-0012-2023,0,0,0,0,0,0,0,0,0,0,0,1,0,1,0,0,0,2,DOT,Automatic Track Change Detection Demonstration and Analysis
DOE-0004-2023,0,0,0,0,0,0,0,0,0,0,0,1,0,0,0,0,0,1,DOE,Extreme data reduction for the edge
VA-0003-2023,0,0,0,0,0,0,0,0,0,1,0,1,0,0,0,0,0,2,VA,Acute kidney injury (AKI)
USDA-0011-2023,0,0,0,0,0,0,0,0,0,0,0,1,0,0,0,0,0,1,USDA,NAL Automated indexing
HHS-0131-2023,0,0,0,0,0,0,0,0,0,0,0,1,0,0,0,0,0,1,HHS,SingleCite: Improving single citation search in PubMed
USAID-0005-2023,0,0,0,0,0,0,0,0,0,0,0,1,0,0,0,0,0,1,USAID,Project Vikela
DOE-0012-2023,0,0,0,0,0,0,0,0,0,0,0,1,0,0,0,0,0,1,DOE,READS: Real-time Edge AI for Distributed Systems
NASA-0003-2023,0,0,0,0,0,0,0,0,0,0,0,1,0,1,0,0,0,2,NASA,High-Performance Quantum-Classical Hybrid Deep Generative Modeling Parameterized by Energy-based Models for Flight-Operations Anomaly Detection
DOT-0010-2023,0,0,0,0,0,0,0,0,0,0,0,1,0,1,0,0,0,2,DOT,Development of Predictive Analytics Using Autonomous Track Geometry Measurement System (ATGMS) Data
DOE-0096-2023,0,0,0,0,0,1,1,0,0,0,0,1,0,0,0,0,0,3,DOE,To develop and demonstrate drone- based geophysical and remote- sensing technologies to quantify critical minerals (CM).
OPM-0002-2023,0,0,0,0,0,0,0,0,0,0,0,0,0,0,0,0,0,0,OPM,Similar Job Recommendations
USDA-0019-2023,0,0,0,0,1,0,0,0,0,0,0,1,0,0,0,0,0,2,USDA,Wildland Urban Interface - Mapping Wildfire Loss
HHS-0122-2023,0,0,0,0,0,0,0,0,0,1,0,1,0,0,0,0,0,2,HHS,Clinical Trial Predictor
DOI-0019-2023,0,0,0,0,0,0,0,0,0,0,0,1,0,0,0,0,1,2,DOI,WOS.OS.NHM National Temperature Observations
VA-0013-2023,0,0,0,0,0,0,0,0,0,1,0,1,0,0,0,0,0,2,VA,Nediser reports QA
DOS-0014-2023,0,0,0,0,0,0,0,1,0,0,0,1,0,0,0,0,0,2,DOS,eRecords M/L Metadata Enrichment
USDA-0016-2023,0,0,0,0,0,0,1,0,0,0,0,1,0,0,0,0,0,2,USDA,Land Change Analysis Tool (LCAT)
DOI-0029-2023,0,0,0,0,0,0,1,0,0,0,0,1,0,0,0,0,0,2,DOI,Vegetation and Water Dynamics
DOT-0006-2023,0,0,0,0,0,0,0,0,0,0,0,1,0,0,0,0,0,1,DOT,Course Deviation Identification for Multiple Airport Route Separation (MARS)
DOT-0004-2023,0,0,0,0,0,0,0,0,0,0,0,1,0,0,0,0,1,2,DOT,Regulatory Compliance Mapping Tool
VA-0010-2023,0,0,0,0,0,0,0,0,0,1,0,1,0,0,0,0,0,2,VA,Machine learning (ML) for enhanced diagnostic error detection and ML classification of protein electrophoresis text
DOE-0013-2023,0,0,0,0,0,0,0,0,0,0,0,1,1,0,0,0,0,2,DOE,Simulation-based inference for cosmology
HHS-0020-2023,0,0,0,0,0,0,0,0,0,0,0,0,0,0,0,0,0,0,HHS,Product redistribution optimization
DOL-0012-2023,0,0,0,0,0,0,0,0,0,0,0,1,0,0,0,0,0,1,DOL,Automatic Document Processing
HHS-0118-2023,0,0,0,0,0,0,0,0,0,1,0,1,0,0,0,0,0,2,HHS,NIDCR Data Bank
HHS-0034-2023,0,0,0,0,0,0,0,0,0,1,0,0,0,0,0,0,0,1,HHS,Detecting Stimulant and Opioid Misuse and Illicit Use
HHS-0149-2023,0,0,0,0,0,0,0,0,1,1,0,1,0,0,0,0,0,3,HHS,NIH Grants Virtual Assistant
DOE-0052-2023,0,0,0,0,0,1,0,0,0,0,0,1,0,0,0,0,0,2,DOE,"Initial case study using regulatory compliance (well integrity testing, fluid compositionali data, geographic, and geologic information from oil and gas wells in the Wattenberg Field, Denver Basin, central Colorado, USA"
DOC-0028-2023,0,0,0,0,1,0,0,0,0,0,0,1,0,0,0,0,0,2,DOC,The Development of ProbSevere v3 - An improved nowcasting model in support of severe weather warning operations
DHS-0015-2023,0,0,0,0,0,0,0,0,0,0,0,1,0,0,0,0,0,1,DHS,AI Security and Robustness
DOE-0040-2023,0,0,0,0,0,0,0,0,0,0,0,1,0,0,0,0,0,1,DOE,"Data platform to expedite access and reuse of carbon ore data for materials, manufacturing and research"
DOE-0057-2023,0,0,0,0,0,0,1,0,0,0,0,1,0,0,0,0,0,2,DOE,Machine learning to refine and analyze data for CCS needs
DOE-0144-2023,0,0,0,0,0,1,1,0,0,0,0,1,0,0,0,0,0,3,DOE,Use ML to analyze the existing H2 and natural gas pipelines to identify the key parameters that can enable the H2 transport and storage at a large scale
DOE-0033-2023,0,0,0,0,0,0,0,0,0,0,0,1,0,0,0,0,0,1,DOE,AI/ML methodology for rapid design of sorbents tuned to specific ash impoundment and/or landfill requirements.
DOE-0053-2023,0,0,0,0,0,1,0,0,0,0,0,1,0,0,0,0,0,2,DOE,Machine learning based identification of current hazardous offshore metocean and bathymetric conditions that can impact safe offshore energy operations
HHS-0057-2023,0,0,0,0,0,0,0,0,0,0,0,1,0,0,0,0,0,1,HHS,"Relationships, Events, Contacts, and Outreach Network (RECON)"
DOE-0098-2023,0,0,0,0,0,1,0,0,0,0,0,1,0,0,0,0,0,2,DOE,To develop and validate sensor hardware and analytical algorithms to lower plant operating expenses for the pulverized coal utility boiler fleet
HHS-0073-2023,0,0,0,0,0,0,0,0,0,1,0,1,0,0,0,0,0,2,HHS,Opioid Data Warehouse Term Identification and Novel Synthetic Opioid Detection and Evaluation Analytics
DOE-0140-2023,0,0,0,0,0,1,0,0,0,0,0,0,0,0,0,0,0,1,DOE,To verify and validate testing of advanced power generation technologies
DOE-0159-2023,0,0,0,0,0,1,0,0,0,0,0,1,0,0,0,0,0,2,DOE,"Data Analytics and Machine Learning (DAMaL) Tools to enhance the analysis of Environment, Safety and Health (ES&H) data: Unsupervised Machine Learning Text Clustering"
DOC-0022-2023,0,0,0,0,0,0,0,0,0,0,0,1,0,0,0,0,0,1,DOC,Edge AI survey payload development
HHS-0082-2023,0,0,0,0,0,0,0,0,0,1,0,1,0,0,0,0,0,2,HHS,Empirical evaluation of EHR-based signal detection approaches
SSA-0008-2023,0,0,0,0,0,0,0,0,0,0,0,1,0,0,0,0,0,1,SSA,Insight
DOI-0002-2023,0,0,0,0,0,0,1,0,0,0,0,1,0,0,0,0,0,2,DOI,Data Driven Sub-Seasonal Forecasting of Temperature and Precipitation
HHS-0150-2023,0,0,0,0,0,0,0,0,0,0,0,0,0,0,0,0,1,1,HHS,Tool for Nature Gas Procurement Planning
NASA-0022-2023,0,0,0,0,0,0,0,0,0,0,0,1,0,1,0,0,0,2,NASA,Airplane detection
DOE-0128-2023,0,0,0,0,0,0,0,0,0,0,0,1,0,0,0,0,0,1,DOE,To provide an effective quality assurance method for additively manufactured gas
DOS-0025-2023,0,0,0,0,0,0,0,0,0,0,0,1,0,0,0,0,0,1,DOS,Deepfake Detector
DHS-0012-2023,0,0,0,0,0,0,0,0,0,0,0,1,0,1,0,0,0,2,DHS,Vessel Detection
USAID-0004-2023,0,0,0,1,0,0,0,0,0,0,0,1,0,0,0,0,0,2,USAID,Morogoro youth empowerment through establishment of social innovation (YEESI) lab for problem-centered training in machine vision
DOE-0147-2023,0,0,0,0,0,1,0,0,0,0,0,1,0,0,0,0,0,2,DOE,Use of machine learning models to produce surrogates for efficient optimization
HHS-0016-2023,0,0,0,0,0,0,0,0,0,1,0,1,0,0,0,0,0,2,HHS,emPOWER
VA-0001-2023,0,0,0,0,0,0,0,0,0,1,0,1,0,0,0,0,0,2,VA,Artificial intelligence coach in cardiac surgery
DOE-0160-2023,0,0,0,0,0,1,0,0,0,0,0,1,0,0,0,0,0,2,DOE,Memorandum of Understanding Between the US DOE and US NRC on Cooperation in the Area of Operating Experience and Applications of Data Analytics (Signed June 2021)
HHS-0046-2023,0,0,0,0,0,0,0,0,0,0,0,0,0,0,0,0,0,0,HHS,Priority Score Model - ranks providers within the Fraud Prevention System using logistic regression based on program integrity guidelines.
DOT-0000-2023,0,0,0,0,0,0,0,0,0,0,0,0,0,0,0,0,0,0,DOT,Remote Oceanic Meteorological Information Operations (ROMIO)
DOE-0031-2023,0,0,0,0,0,0,0,0,0,0,0,1,0,0,0,0,0,1,DOE,AI used to interpret sensor data.
USDA-0030-2023,0,0,0,0,0,0,1,0,0,0,0,1,0,0,0,0,0,2,USDA,Operational water supply forecasting for western US rivers
VA-0023-2023,0,0,0,0,0,0,0,0,0,1,0,1,0,0,0,0,0,2,VA,Medication Safety (MedSafe) Clinical Decision Support (CDS)
DOI-0014-2023,0,0,0,0,0,0,0,0,0,0,1,1,0,0,0,0,0,2,DOI,DO NOT USE (21st Century IMT Applicaitons Analysis AIML)
HHS-0029-2023,0,0,0,0,0,0,0,0,0,1,0,0,0,0,0,0,0,1,HHS,Identifying state and local policy provisions that promote or inhibit creating healthy built environments
HHS-0133-2023,0,0,0,0,0,0,0,0,0,1,0,1,0,0,0,0,0,2,HHS,NLM-Gene: towards automatic gene indexing in PubMed articles
HHS-0134-2023,0,0,0,0,0,0,0,0,0,1,0,1,0,0,0,0,0,2,HHS,NLM-Chem: towards automatic chemical indexing in PubMed articles
DOE-0021-2023,0,0,0,0,0,0,0,0,0,0,0,1,0,0,0,0,0,1,DOE,AI/ML and other software advances
HHS-0121-2023,0,0,0,0,0,0,0,0,0,0,0,1,0,0,0,0,0,1,HHS,Splunk IT System Monitoring Software
GSA-0006-2023,0,0,0,0,0,0,0,0,0,0,0,1,0,0,0,0,1,2,GSA,Document Workflow / Intelligent Data Capture and Extraction
DOC-0030-2023,0,0,0,0,0,0,0,0,0,0,0,1,0,0,0,0,0,1,DOC,SUVI Thematic Maps
DHS-0035-2023,0,0,0,0,0,0,0,0,0,0,1,0,0,0,0,0,0,1,DHS,Identity Match Option (IMO) Process with DBIS Data Marts
DOS-0030-2023,0,0,0,0,0,0,0,0,0,0,0,0,0,0,0,0,0,0,DOS,Louvain Community Detection
HHS-0007-2023,0,0,0,0,0,0,0,0,0,1,0,1,0,0,1,0,0,3,HHS,Burn & Blast MCMs: Philips
DOL-0009-2023,0,0,0,0,0,0,0,0,0,0,0,0,0,0,0,0,0,0,DOL,Official Document Validation
DOI-0037-2023,0,0,0,0,0,0,1,0,0,0,0,1,0,0,0,0,0,2,DOI,TMDL and Data Mining Investigations
HHS-0071-2023,0,0,0,0,0,0,0,0,0,1,0,1,0,0,0,0,0,2,HHS,Application of Statistical Modeling and Natural Language Processing for Adverse Event Analysis
VA-0008-2023,0,0,0,0,0,0,0,0,0,1,0,0,0,0,0,0,0,1,VA,Digital command center
DOL-0003-2023,0,0,0,0,0,0,0,0,0,0,0,1,0,0,0,0,0,1,DOL,Text to Speech Conversion
DOE-0084-2023,0,0,0,0,0,1,0,0,0,0,0,0,0,0,0,0,0,1,DOE,To deploy dynamic neural network optimization to minimize heat rate during ramping for coal.
DOE-0171-2023,0,0,0,0,0,0,0,0,0,0,0,0,0,0,0,0,0,0,DOE,Managing curb allocation in cities
USDA-0001-2023,0,0,0,0,0,0,0,0,0,0,0,1,0,0,0,0,0,1,USDA,Detection of pre-symptomatic HLB infected citrus
HHS-0091-2023,0,0,0,0,0,0,0,0,0,1,0,1,0,0,0,0,0,2,HHS,Emerging Chemical Hazard Intelligence Platform (ECHIP - completed)
DOE-0155-2023,0,0,0,0,0,0,0,0,0,0,0,1,0,0,0,0,0,1,DOE,"With sensor technologies and network developed, in the future, AI/ML may be used to accelerate data processing of sensor data from the sensor network."
HHS-0088-2023,0,0,0,0,0,0,0,0,0,1,0,1,0,0,0,0,0,2,HHS,Clinical Study Data Auto-transcribing Platform (AI Analyst) for Generating Evidence to Support Drug Labelling
DOI-0022-2023,0,0,0,0,0,0,1,0,0,0,0,0,0,0,0,0,0,1,DOI,WRA.NWC.IWAA National Extent Hydrogeologic Framework for NWC
DHS-0017-2023,0,0,0,0,0,0,0,0,0,0,0,0,0,0,0,0,1,1,DHS,Automated Indicator Sharing (AIS) Automated PII Detection
USDA-0003-2023,0,0,0,0,0,0,1,0,0,0,0,0,0,0,0,0,0,1,USDA,Detection of aquatic weeds
USDA-0009-2023,0,0,0,0,0,0,0,0,0,0,0,0,0,0,0,0,0,0,USDA,4% Repair Dashboard
HHS-0100-2023,0,0,0,0,0,0,0,0,0,1,0,0,0,0,0,0,0,1,HHS,Predictive toxicology models of drug placental permeability using 3D-fingerprints and machine learning
DOE-0124-2023,0,0,0,0,0,0,0,0,0,0,0,1,0,0,0,0,0,1,DOE,"To leverage disparate data to update assessments, analytics, and infromation for NATCARB and CS Atlas"
NASA-0025-2023,0,0,0,0,0,0,0,0,0,0,0,1,0,0,0,0,0,1,NASA,Deep Learning-based Hurricane Intensity Estimator
USDA-0002-2023,0,0,0,0,0,0,0,0,0,0,0,0,0,0,0,0,0,0,USDA,High throughput phenotyping in citrus orchards
HHS-0140-2023,0,0,0,0,0,0,0,0,1,1,0,1,0,0,0,0,0,3,HHS,HIV-related grant classifier tool
NARA-0004-2023,0,0,0,0,0,0,0,0,0,0,0,1,0,0,0,0,1,2,NARA,Freedom of Information Act (FOIA) Discovery AI Pilot
HHS-0077-2023,0,0,0,0,0,0,0,0,0,1,0,0,0,0,0,0,0,1,HHS,Augmenting date and cause of death ascertainment in observational data sources
HHS-0052-2023,0,0,0,0,0,0,0,0,0,0,0,1,0,0,0,0,0,1,HHS,Federally Facilitated Marketplaces (FFM)
HHS-0099-2023,0,0,0,0,0,0,0,0,0,1,0,1,0,0,0,0,0,2,HHS,Prediction of adverse events from drug - endogenous ligand - target networks generated using 3D-similarity and machine learning methods.
DOE-0131-2023,0,0,0,0,0,0,0,0,0,0,0,0,0,0,0,0,0,0,DOE,To provide integrated boiler management through advanced condition monitoring and component assessment.
DOE-0115-2023,0,0,0,0,0,0,0,0,0,0,0,1,0,0,0,0,0,1,DOE,"To help automate data discovery and preparations to support a range of CS models, tools, and products"
HHS-0000-2023,0,0,0,0,0,0,0,0,0,0,0,1,0,0,0,0,1,2,HHS,Information Gateway OneReach Application
VA-0004-2023,0,0,0,0,0,0,0,0,0,1,0,1,0,0,0,0,0,2,VA,Assessing lung function in health and disease
HHS-0106-2023,0,0,0,0,0,0,0,0,0,1,0,1,0,0,0,0,0,2,HHS,Identification of sex differences on prescription opioid use (POU)-related cardiovascular risks by big data analysis
DOI-0018-2023,0,0,0,0,0,0,1,0,0,0,0,1,0,0,0,0,0,2,DOI,Twitchell Rice AFRI
DOE-0075-2023,0,0,0,0,0,1,0,0,0,0,0,1,0,0,0,0,0,2,DOE,To apply machine learning and data analytics techniques to integrated subsurface datasets to predict key reservoir properties and compare various fields across the area of study and to correlate vintage data with new data and address the distribution of fractures and vugs.
HHS-0042-2023,0,0,0,0,0,0,0,0,0,0,0,0,0,0,0,0,0,0,HHS,Feedback Analysis Solution (FAS)
DOE-0060-2023,0,0,0,0,0,1,0,0,0,0,0,1,0,0,0,0,0,2,DOE,ML-based proxy models and multi- level data driven fracture network imaging to support rapid decision making.
HHS-0130-2023,0,0,0,0,0,0,0,0,0,1,0,1,0,0,0,0,0,2,HHS,Best Match: New relevance search for PubMed
DOS-0003-2023,0,0,0,0,0,0,0,0,0,0,0,1,0,0,0,0,1,2,DOS,Supply Chain Fraud and Risk Models
DOE-0170-2023,0,0,0,0,0,0,0,0,0,0,0,1,0,0,0,0,0,1,DOE,Laboratory Automation
DOE-0055-2023,0,0,0,0,0,0,0,0,0,0,0,1,0,0,0,0,0,1,DOE,Machine learning for legacy well evaluation
HHS-0097-2023,0,0,0,0,0,0,0,0,0,1,0,1,0,0,0,0,0,2,HHS,Assessing and mitigating bias in applying Artificial Intelligence (AI) based natural language processing (NLP) of drug labeling documents
DOE-0138-2023,0,0,0,0,0,0,0,0,0,0,0,1,0,0,0,0,0,1,DOE,To use data analytics and machine learning techniques to advance understanding of the characteristics of the Emerging Paradox Oil Play
HHS-0156-2023,0,0,0,0,0,0,0,0,0,0,0,0,0,0,0,0,0,0,HHS,Text Analytics Portal
DOE-0130-2023,0,0,0,0,0,1,1,0,0,0,0,1,0,0,0,0,0,3,DOE,To provide insights into opportunities to beneficiate and use hydrocarbon infrastructure for alternative uses such as offshore carbon storage.
SSA-0004-2023,0,0,0,0,0,0,0,0,0,1,0,0,0,0,1,0,0,2,SSA,CDR Model
DOE-0143-2023,0,0,0,0,0,1,1,0,0,0,0,1,0,0,0,0,0,3,DOE,Use AI to process large sensor datasets for identification and classification of NG pipeline conditions and methane leaks
DOS-0007-2023,0,0,0,0,0,0,0,0,0,0,0,1,0,0,0,0,0,1,DOS,Conflict Forecasting
DOS-0019-2023,0,0,0,0,0,0,0,0,0,0,0,1,0,0,0,0,0,1,DOS,AI Capabilities Embedded in SMART
SSA-0012-2023,0,0,0,0,0,0,0,0,0,0,0,0,0,0,0,0,0,0,SSA,Quick Disability Determinations Process
DHS-0003-2023,0,0,0,0,0,0,0,0,0,0,0,1,0,1,0,0,0,2,DHS,Autonomous Aerostat
HHS-0117-2023,0,0,0,0,0,0,0,0,0,0,0,1,0,0,0,0,1,2,HHS,NIDCR Digital Transformation Initiative (DTI)
DOE-0088-2023,0,0,0,0,0,1,0,0,0,0,0,1,0,0,0,0,1,3,DOE,To develop 5G integrated edge computing platform for efficient component monitoring in coal-fired power plants
DOE-0166-2023,0,0,0,0,0,0,0,0,0,0,0,1,0,1,0,0,0,2,DOE,AI techniques for identification of suitable delivery parking spaces in an urban scenario
DOC-0001-2023,0,0,0,0,0,0,0,0,0,0,0,0,0,0,0,0,1,1,DOC,Chatbot Pilot
DOL-0001-2023,0,0,0,0,0,0,0,0,0,0,0,1,0,0,0,0,0,1,DOL,Language Translation
DOE-0000-2023,0,0,0,0,0,0,0,0,0,0,0,1,0,0,0,0,0,1,DOE,Automated sorting of high repetition rate coherent diffraction data from XFELS
VA-0033-2023,0,0,0,0,0,0,0,0,0,1,0,1,0,0,0,0,0,2,VA,Computer-aided detection and classification of colorectal polyps
HHS-0066-2023,0,0,0,0,0,0,0,0,0,1,0,1,0,0,0,0,0,2,HHS,"BEST Platform improves post-market surveillance efforts through the semi-automated detection, validation and reporting of adverse events."
SSA-0005-2023,0,0,0,0,0,0,0,0,0,0,0,1,0,0,0,0,0,1,SSA,SSI Redetermination Model
HHS-0074-2023,0,0,0,0,0,0,0,0,0,1,0,1,0,0,0,0,0,2,HHS,Artificial Intelligence-based Deduplication Algorithm for Classification of Duplicate Reports in the FDA Adverse Event Reports (FAERS)
HHS-0051-2023,0,0,0,0,0,0,0,0,0,0,0,0,0,0,0,0,0,0,HHS,CMS Enterprise Portal Services (CMS Enterprise Portal-Chatbot)
HHS-0001-2023,0,0,0,0,0,0,0,0,0,0,0,0,0,0,0,0,0,0,HHS,AHRQ Search
DOE-0127-2023,0,0,0,0,0,0,0,0,0,0,0,1,0,0,0,0,0,1,DOE,To perform reconstruction of the 3D temperature field using Neural Networks with measured and known propagation paths.
VA-0000-2023,0,0,0,0,0,0,0,0,0,1,0,1,0,0,0,0,0,2,VA,Artificial Intelligence physical therapy app
NASA-0032-2023,0,0,0,0,0,0,0,0,0,0,0,1,0,0,0,0,0,1,NASA,Similarity Search for Earth Science Image Archive
DOC-0038-2023,0,0,0,0,0,0,0,0,0,0,0,1,0,0,0,1,0,2,DOC,Steller sea lion brand sighting
DOE-0082-2023,0,0,0,0,0,1,0,0,0,0,0,1,0,0,0,0,0,2,DOE,To create reduced order models for predicting long term performance degradation behavior of fuel cells and electrolyzers.
DOI-0008-2023,0,0,0,0,0,0,0,0,0,0,0,1,0,0,0,0,1,2,DOI,Photogrammetric Data Set Crack Mapping Technology Search
DOE-0047-2023,0,0,0,0,0,0,0,0,0,0,0,1,0,0,0,0,0,1,DOE,Development of AI/ML methods
HHS-0126-2023,0,0,0,0,0,0,0,0,0,0,0,1,0,0,0,0,0,1,HHS,Remediate Adobe .pdf documents to be more accessible
NARA-0001-2023,0,0,0,0,0,0,0,0,0,0,0,0,0,0,0,0,0,0,NARA,Auto-fill of Descriptive Metadata for Archival Descriptions
HHS-0037-2023,0,0,0,0,0,0,0,0,0,0,0,1,0,0,0,0,0,1,HHS,Transcribing Cognitive Interviews with Whisper
DOE-0116-2023,0,0,0,0,0,0,0,0,0,0,0,1,0,0,0,0,0,1,DOE,To help automate data integration and exploration for geologic core properties related information.
HHS-0120-2023,0,0,0,0,0,0,0,0,0,1,0,1,0,0,0,0,0,2,HHS,SWIFT Active Screener
GSA-0008-2023,0,0,0,0,0,0,0,0,0,0,0,1,0,0,0,0,0,1,GSA,Service Desk Virtual Agent (Curie)
NASA-0026-2023,0,0,0,0,0,0,1,0,0,0,0,1,0,0,0,0,0,2,NASA,Forecasting Algal Blooms With Ai In Lake Atitlán
NASA-0020-2023,0,0,0,0,0,0,0,0,0,0,0,0,0,0,0,0,0,0,NASA,Lessons Learned Bot (LLB)
DOS-0008-2023,0,0,0,0,0,0,0,0,0,0,0,0,0,0,0,0,1,1,DOS,Automatic Detection of Authentic Material
DOI-0023-2023,0,0,0,0,0,0,1,0,0,0,0,0,0,0,0,0,0,1,DOI,WRA.NWC.IWAA National-Extent Groundwater Quality Prediction for the National Water Census and Regional Integrated Water Availability Assessments
USDA-0015-2023,0,0,0,0,0,0,0,0,0,1,0,0,0,0,0,0,0,1,USDA,Nutrition Education & Local Access Dashboard
DOI-0005-2023,0,0,0,0,0,0,0,0,0,0,0,1,0,0,0,0,0,1,DOI,PyForecast
DHS-0001-2023,0,0,0,0,0,0,0,0,0,0,1,1,0,0,0,0,0,2,DHS,AI for Autonomous Situational Awareness
DOE-0006-2023,0,0,0,0,0,0,0,0,0,0,0,1,0,0,0,0,0,1,DOE,hls4ml
DOE-0019-2023,0,0,0,0,0,1,0,0,0,0,0,1,0,0,0,0,0,2,DOE,"Advanced energy, batteries, and industrial efficiency"
DOE-0148-2023,0,0,0,0,0,0,0,0,0,0,0,1,0,0,0,0,0,1,DOE,"Using AI to improve predcitions of subsurface properties, analyze multi- variate inputs, address knowledge and information gaps to improve predictions and modeli"
DOI-0025-2023,0,0,1,0,0,0,0,0,0,0,0,0,0,0,0,0,0,1,DOI,WRA.NWC.EF Economic Valuation of Ecosystem Services in the Delaware River Basin
DOE-0050-2023,0,0,0,0,0,0,0,0,0,0,0,1,0,0,0,0,0,1,DOE,Fluid migration from well-to-well communication will be inputted in AI to determine a costs-benefit analysis
ED-0000-2023,0,0,0,0,0,0,0,0,0,0,0,0,0,0,0,0,0,0,ED,Aidan Chat-bot
DOS-0020-2023,0,0,0,0,0,0,0,0,0,0,0,0,0,0,0,0,0,0,DOS,NLP to pull key information from unstructured text
USAID-0003-2023,0,0,0,0,0,0,1,0,0,0,0,0,0,0,0,0,0,1,USAID,Long-term impacts of land-use/land-cover dynamics on surface water quality in Botswana’s reservoirs using satellite data and artificial intelligence methods: Case study of the Botswana’s Limpopo River Basin (1984-2019)
HHS-0148-2023,0,0,0,0,0,0,0,0,1,0,0,1,0,0,0,0,0,2,HHS,Internal Referral Module (IRM)
DOE-0049-2023,0,0,0,0,0,0,0,0,0,0,0,1,0,0,0,0,0,1,DOE,DOE AI Data Infrastructure System
DOE-0145-2023,0,0,0,0,0,0,0,0,0,0,0,1,0,0,0,0,0,1,DOE,"Use ML to enable a geophysical monitoring toolkit, and assimilate real-time modeling and data."
NASA-0016-2023,0,0,0,0,0,0,0,0,0,0,0,1,0,0,0,0,0,1,NASA,"SensorWeb: Volcano, Flood, Wildfire, and Others."
NASA-0014-2023,0,0,0,0,0,0,0,0,0,0,0,1,1,0,0,0,0,2,NASA,Mexec Onboard Planning and Execution
GSA-0007-2023,0,0,0,0,0,0,0,0,0,0,0,1,0,0,0,0,0,1,GSA,Service Desk Generic Ticket Classification
DOC-0014-2023,0,0,0,0,1,0,1,0,0,0,0,1,0,0,0,0,0,3,DOC,Drought outlooks by using ML techniques
VA-0036-2023,0,0,0,0,0,0,0,0,0,1,0,1,0,0,0,0,0,2,VA,VA /IRB approved research study for finding colon polyps
USAID-0002-2023,0,0,0,0,0,0,0,0,0,0,0,0,0,0,0,0,0,0,USAID,Machine Learning for Peace
DOS-0026-2023,0,0,0,0,0,0,0,0,0,0,0,0,0,0,0,0,0,0,DOS,SentiBERTIQ
HHS-0143-2023,0,0,0,0,0,0,0,0,1,1,0,1,0,0,0,0,0,3,HHS,Person-level disambiguation for PubMed authors and NIH grant applicants
DOE-0048-2023,0,0,0,0,0,0,0,0,0,0,0,1,0,0,0,0,0,1,DOE,"Development of new machine learning-based process modeling capabilities that assess the viability and efficiency, with uncertainty quantification, of the chemical processes involved in the carbon fiber production and its output quality"
HHS-0146-2023,0,0,0,0,0,0,0,0,0,1,0,1,0,0,0,0,0,2,HHS,Machine learning system to predict translational progress in biomedical research
HHS-0040-2023,0,0,0,0,0,0,0,0,0,1,0,1,0,0,0,0,0,2,HHS,NCIRD SmartFind ChatBots - Public and Internal
DOE-0076-2023,0,0,0,0,0,0,0,0,0,0,0,1,0,0,0,0,0,1,DOE,To apply machine learning methods to explore the inter-well uncertainty in the Goldsmith Landreth San Andres Unit and to update reservoir models.
HHS-0044-2023,0,0,0,0,0,0,0,0,0,0,0,0,0,0,0,0,0,0,HHS,Fraud Prevention System Alert Summary Report Priority Score
DOC-0007-2023,0,0,0,0,0,0,1,0,0,0,0,0,0,0,0,1,0,2,DOC,"Passive acoustic analysis using ML in Cook Inlet, AK"
VA-0030-2023,0,0,0,0,0,0,0,0,0,1,0,0,0,0,0,0,0,1,VA,Use of machine learning to predict surgery in Crohn’s disease
DOE-0101-2023,0,0,0,0,0,0,0,0,0,0,0,1,0,0,0,0,0,1,DOE,To develop high fidelity tools which run in near real time not only help in the field to guide and optimize complex operations but can be used as digital twins
DOE-0027-2023,0,0,0,0,0,0,0,0,0,0,0,1,0,0,0,0,0,1,DOE,Quantum computing and information systems
USDA-0032-2023,0,0,0,0,0,0,1,0,0,0,0,0,0,0,0,0,0,1,USDA,Conservation Effects Assessment Project
NASA-0018-2023,0,0,0,0,0,0,0,0,0,0,0,1,0,0,0,0,0,1,NASA,Autonomous WAiting Room Evaluation (AWARE)
DOE-0102-2023,0,0,0,0,0,0,1,0,0,0,0,1,0,0,0,0,0,2,DOE,To develop innovative biomonitoring and remediation of heavy metals using phytotechnologies.
DOL-0002-2023,0,0,0,0,0,0,0,0,0,0,0,0,0,0,0,0,0,0,DOL,Audio Transcription
NASA-0004-2023,0,0,0,0,0,0,0,0,0,0,0,0,0,0,0,0,0,0,NASA,Prediction of Mass Level in Radio Frequency Cryogenics
DOE-0161-2023,0,0,0,0,0,0,1,0,0,0,0,0,0,0,0,0,0,1,DOE,Groundwater Modeling
DOE-0133-2023,0,0,0,0,0,1,0,0,0,0,0,1,0,0,0,0,0,2,DOE,To realize next generation solid-state power substation.
DOI-0003-2023,0,0,0,0,0,1,0,0,0,0,0,1,0,0,0,0,0,2,DOI,Data Driven Streamflow Forecasting
DHS-0002-2023,0,0,0,0,0,0,0,0,0,0,1,1,0,0,0,0,0,2,DHS,Automated Item of Interest Detection - ICAD
SSA-0009-2023,0,0,0,0,0,0,0,0,0,1,0,1,0,0,0,0,0,2,SSA,Intelligent Medical Language Analysis Generation (IMAGEN)
DOS-0029-2023,0,0,0,0,0,0,0,0,0,0,0,1,0,0,0,0,0,1,DOS,Image Clustering
DOS-0006-2023,0,1,0,0,0,0,0,0,0,0,0,1,0,0,0,0,1,3,DOS,Verified Imagery Pilot Project
DOC-0021-2023,0,0,0,0,0,0,1,0,0,0,0,1,0,0,0,0,0,2,DOC,Robotic microscopes and machine learning algorithms remotely and autonomously track lower trophic levels for improved ecosystem monitoring and assessment
DOS-0023-2023,0,0,0,0,0,0,0,0,0,0,0,1,0,0,0,0,0,1,DOS,Topic Modeling
DOE-0141-2023,0,0,0,0,0,1,0,0,0,0,0,1,0,0,0,0,0,2,DOE,"Transform reservoir management decisions through rapid analysis of real time data to visualize forecasted behavior in an advanced control room ""human-in-the-loop"" format."
HHS-0010-2023,0,0,0,0,0,0,0,0,0,1,0,0,0,0,0,0,0,1,HHS,Current Health
GSA-0003-2023,0,0,0,0,0,0,0,0,0,0,0,0,0,0,0,0,0,0,GSA,Key KPI Forecasts for GWCM
DOI-0017-2023,0,0,0,0,0,0,1,0,0,0,0,1,0,0,0,0,0,2,DOI,Multi-scale modeling for ecosystem service economics
DOE-0062-2023,0,0,0,0,0,1,0,0,0,0,0,1,0,0,0,0,0,2,DOE,Natural Language Processing
HHS-0053-2023,0,0,0,0,0,0,0,0,0,0,0,1,0,0,0,0,0,1,HHS,Marketplace Learning Management System (MLMS)
DOE-0173-2023,0,0,0,0,0,1,0,0,0,0,0,1,0,0,0,0,0,2,DOE,Regional waste feedstock conversion to biofuels
DOJ-0002-2023,0,0,0,0,0,0,0,1,0,0,0,0,0,0,0,0,1,2,DOJ,Intelligent Records Consolidation Tool
DHS-0020-2023,0,0,0,0,0,0,0,0,0,0,0,1,0,0,0,0,0,1,DHS,Cyber Threat Intelligence Feed Correlation
USDA-0005-2023,0,0,0,0,0,0,0,0,0,0,0,0,0,0,0,0,0,0,USDA,Standardization of cut flower business names for message set data
DOE-0058-2023,0,0,0,0,0,0,0,0,0,0,0,1,0,0,0,0,0,1,DOE,Machine learning to tool and model applications for CCS needs
HHS-0084-2023,0,0,0,0,0,0,0,0,0,1,0,0,0,0,0,0,0,1,HHS,Artificial Intelligence (AI) Supported Annotation of FAERS Reports
USDA-0012-2023,0,0,0,0,0,0,0,0,0,0,0,1,0,0,0,0,0,1,USDA,Democratizing Data
SSA-0000-2023,0,0,0,0,0,0,0,0,0,0,0,1,0,0,0,0,0,1,SSA,Modernized Development Worksheet (MDW)
DOC-0018-2023,0,0,0,0,0,0,0,0,0,0,0,0,0,0,0,0,0,0,DOC,NN Radiation
DOC-0019-2023,0,0,0,0,0,0,0,0,0,0,0,1,0,0,0,0,0,1,DOC,NN training software for the new generation of NCEP models
DOI-0026-2023,0,0,0,0,0,0,0,0,0,0,0,0,0,0,0,0,0,0,DOI,WRA.NWC.IWAA Model Application for the National IWAAs and NWC
DOE-0080-2023,0,0,0,0,0,0,1,0,0,0,0,1,0,0,0,0,0,2,DOE,To create a data-driven multiscale phytotechnology framework for identification and remediation of leached-metals-contaminated soil.
DOE-0105-2023,0,0,0,0,0,0,1,0,0,0,0,0,0,0,0,0,0,1,DOE,To drive insights on environmental performance of the natural gas system to inform effective mitigation strategies
DOE-0139-2023,0,0,0,0,0,0,0,0,0,0,0,1,0,0,0,0,0,1,DOE,To use ML to help identify promising oxygen carrier materials.
USDA-0027-2023,0,0,0,0,0,0,0,0,0,0,0,0,0,0,0,0,0,0,USDA,List Frame Deadwood Identification
DHS-0027-2023,0,0,0,0,0,0,0,0,0,0,1,0,0,0,0,0,1,2,DHS,Normalization Services
VA-0021-2023,0,0,0,0,0,0,0,0,0,1,0,1,0,0,0,0,0,2,VA,Using machine learning to predict perfusionists’ critical decision-making during cardiac surgery
USDA-0023-2023,0,0,0,0,0,0,1,0,0,0,0,0,0,0,0,0,0,1,USDA,Landscape Change Monitoring System (LCMS)
DHS-0029-2023,0,0,0,0,0,0,0,0,0,0,0,1,0,0,0,0,0,1,DHS,Email Analytics
DOE-0022-2023,0,0,0,0,0,0,0,0,0,1,0,1,0,0,0,0,0,2,DOE,"Biology, genomics, and synthetic biology"
HHS-0093-2023,0,0,0,0,0,0,0,0,0,0,0,1,0,0,0,0,0,1,HHS,SSTAT
TREAS-0009-2023,0,0,0,0,0,0,0,0,0,0,0,1,0,0,0,0,0,1,TREAS,Inventory Item Replenishment MLR Modeling POC - Phase 2
HHS-0109-2023,0,0,0,0,0,0,0,0,1,0,0,1,0,0,0,0,0,2,HHS,Assisted Referral Tool
HHS-0003-2023,0,0,0,0,0,0,0,0,0,1,0,1,0,0,0,0,0,2,HHS,R+2:18eDIRECT: Clarivate
HHS-0103-2023,0,0,0,0,0,0,0,0,0,1,0,1,0,0,0,0,0,2,HHS,Artificial Intelligence (AI)-based Natural Language Processing (NLP) for FDA labeling documents
USDA-0022-2023,0,0,0,0,0,0,1,0,0,0,0,1,0,0,0,0,0,2,USDA,TreeMap 2016
DOE-0104-2023,0,0,0,0,0,1,0,0,0,0,0,1,0,0,0,0,0,2,DOE,"To drive insights on emissions from natural gas production, storage, and transmission to determine how best to reduce emissions"
DOE-0085-2023,0,0,0,0,0,0,0,0,0,0,0,1,0,0,0,0,1,2,DOE,"To design, develop, and demonstrate an AI-integrated physics-based attack resilient proactive system."
DHS-0031-2023,0,0,0,0,0,0,0,0,0,0,0,0,0,0,0,0,0,0,DHS,Barcode Scanner
DOC-0031-2023,0,0,0,0,0,0,0,0,0,0,0,1,0,0,0,0,0,1,DOC,"BANTER, a machine learning acoustic event classifier"
DOE-0113-2023,0,0,0,0,0,1,0,0,0,0,0,0,0,0,0,0,0,1,DOE,To expore and analtze hydrogen- fueled rotating detonation engines using advanced turbulent combustion modeling and high- fidelity simultion tools.
DHS-0021-2023,0,0,0,0,0,0,0,0,0,0,0,1,0,0,0,0,0,1,DHS,Cyber Vulnerability Reporting
DOT-0001-2023,0,0,0,0,0,0,1,0,0,0,0,1,0,0,0,0,0,2,DOT,Determining Surface Winds with Machine Learning Software
OPM-0001-2023,0,0,0,0,0,0,0,0,0,0,0,0,0,0,0,0,0,0,OPM,Skills matching on Open Opportunities
HHS-0006-2023,0,0,0,0,0,0,0,0,0,1,0,1,0,0,0,0,0,2,HHS,Burn & Blast MCMs: Philips
DOE-0174-2023,0,0,0,0,0,0,0,0,0,0,0,1,0,0,0,0,0,1,DOE,"Scalable, Efficient and Accelerated Causal Reasoning Operators, Graphs and Spikes for Earth and Embedded Systems (SEA-CROGS)"
DHS-0004-2023,0,0,0,0,0,0,0,0,0,0,0,1,0,1,0,0,0,2,DHS,Autonomous Maritime Awareness
TREAS-0010-2023,0,0,1,0,0,0,0,0,0,0,0,1,0,0,0,0,0,2,TREAS,NRP Redesign
VA-0026-2023,0,0,0,0,0,0,0,0,0,1,0,1,0,0,1,0,0,3,VA,Machine learning models to predict disease progression among veterans with hepatitis C virus
HHS-0065-2023,0,0,0,0,0,0,0,0,0,1,0,1,0,0,0,0,0,2,HHS,To develop novel approaches to expand and/or modify the vaccine AESI phenotypes in order to further improve adverse event detection
DOE-0156-2023,0,0,0,0,0,0,0,0,0,0,0,1,0,0,0,0,0,1,DOE,Applications of Natural Language Processing and Similarity Measures for Similarity Ranking
DOE-0035-2023,0,0,0,0,0,0,0,0,0,0,0,1,0,0,0,0,0,1,DOE,ANN Submodels of Reaction Physics
DOE-0152-2023,0,0,0,0,0,0,0,0,0,0,0,1,0,0,0,0,0,1,DOE,Using natural language processing to explore and extract information from historical literature/pdfs
HHS-0033-2023,0,0,0,0,0,0,0,0,0,1,0,0,0,0,0,0,0,1,HHS,Coding cause of death information on death certificates to ICD-10
HHS-0036-2023,0,0,0,0,0,0,0,0,0,1,0,0,0,0,0,0,0,1,HHS,PII detection using Private AI
NASA-0011-2023,0,0,0,0,0,0,0,0,0,0,0,1,0,0,0,0,0,1,NASA,"Autonomous Marine Vehicles (Single, Multiple)"
HHS-0135-2023,0,0,0,0,0,0,0,0,0,0,0,1,0,0,0,0,0,1,HHS,Biomedical Citation Selector (BmCS)
DOE-0083-2023,0,0,0,0,0,1,0,0,0,0,0,1,0,0,0,0,0,2,DOE,To demonstrate multi-gamma based sensor technology for as-fired coal property measurement
DOS-0021-2023,0,0,0,0,0,0,0,0,0,0,0,0,0,0,0,0,0,0,DOS,K-Means clustering into tiers
NASA-0015-2023,0,0,0,0,0,0,0,0,0,0,0,1,1,0,0,0,0,2,NASA,Onboard Planner for Mars2020 Rover (Perseverance)
GSA-0011-2023,0,0,0,0,0,0,0,0,0,0,0,1,0,0,0,0,0,1,GSA,IAE FSD CCAI Virtual Agent
DOE-0154-2023,0,0,0,0,0,1,0,0,0,0,0,1,0,0,0,0,0,2,DOE,Using time-series classification to assist in automated analysis of sensor data taken during experiments on the MHD test channel.
HHS-0094-2023,0,0,0,0,0,0,0,0,0,0,0,1,0,0,0,0,0,1,HHS,ASSIST4TOBACCO
VA-0002-2023,0,0,0,0,0,0,0,0,0,1,0,1,0,0,0,0,0,2,VA,AI Cure
DOC-0023-2023,0,0,0,0,0,0,0,0,0,0,0,1,0,0,0,0,0,1,DOC,Ice seal detection and species classification in multispectral aerial imagery
DOE-0008-2023,0,0,0,0,0,0,0,0,0,0,0,1,0,0,0,0,0,1,DOE,In-storage computing for multi- messenger astronomy in neutrino experiments and cosmological surveys
HHS-0015-2023,0,0,0,0,0,0,0,0,0,0,0,1,0,0,0,0,0,1,HHS,Cyber Threat Detection/ Predictive analytics
DOL-0005-2023,0,0,0,0,0,0,0,0,0,0,0,0,0,0,0,0,0,0,DOL,Website Chatbot Assistant
HHS-0027-2023,0,0,0,0,0,0,0,0,0,1,0,1,0,0,0,0,0,2,HHS,"Identify walking and bicycling trips in location-based data, including global-positioning system data from smartphone applications"
TREAS-0012-2023,0,0,1,0,0,0,0,0,0,0,0,0,0,0,0,0,0,1,TREAS,TAS Virtual Assistant
EPA-0000-2023,0,0,0,0,0,0,0,0,0,1,0,1,0,0,0,0,0,2,EPA,Use of random forest model to predict exposure pathways
VA-0006-2023,0,0,0,0,0,0,0,0,0,1,0,1,0,0,1,0,0,3,VA,Automatic speech transcription engines to aid scoring neuropsychological tests.
HHS-0138-2023,0,0,0,0,0,0,0,0,0,1,0,0,0,0,0,0,0,1,HHS,MetaMap
USDA-0031-2023,0,0,0,0,0,0,1,0,0,0,0,1,0,0,0,0,0,2,USDA,Ecological Site Descriptions (machine learning)
DOE-0087-2023,0,0,0,0,0,0,0,0,0,0,0,1,0,0,0,0,0,1,DOE,To detect leaks and creaks.
HHS-0089-2023,0,0,0,0,0,0,0,0,0,1,0,0,0,0,0,0,0,1,HHS,Data Infrastructure Backbone for AI applications
USDA-0020-2023,0,0,0,0,0,0,1,0,0,0,0,1,0,0,0,0,0,2,USDA,CLT Knowledge Database
DOS-0004-2023,0,0,0,0,0,0,0,0,0,0,0,0,0,0,0,0,0,0,DOS,Tailored Integration Logistics Management System (ILMS) Automated User Support Bot
OPM-0003-2023,0,0,0,0,0,0,0,0,0,0,0,0,0,0,0,0,0,0,OPM,Retirement Services (RS) Chat Bot
TREAS-0004-2023,0,0,0,0,0,0,0,0,0,0,0,0,0,0,0,0,0,0,TREAS,Collection Voice Bot
NASA-0027-2023,0,0,0,0,0,0,0,0,0,0,0,1,0,0,0,0,0,1,NASA,GCMD Keyword Recommender (GKR)
DHS-0018-2023,0,0,0,0,0,0,0,0,0,0,0,1,0,0,0,0,0,1,DHS,Critical Infrastructure Anomaly Alerting
DOE-0089-2023,0,0,0,0,0,1,0,0,0,0,0,1,0,0,0,0,0,2,DOE,To develop a deep-learning Artificial Intelligence model for analysis of fundamental combustion characteristics
NASA-0008-2023,0,0,0,0,0,0,0,0,0,0,0,1,1,0,0,0,0,2,NASA,Europa Ice Floe Detection (GSFC Planetary Sciences Lab)
DOE-0157-2023,0,0,0,0,0,0,0,0,0,0,0,1,0,0,0,0,1,2,DOE,"Data Analytics and Machine Learning (DAMaL) Tools for Analysis of Environment, Safety and Health (ES&H) data: Similarity Based Information Retrieval"
DOE-0014-2023,0,0,0,0,0,0,0,0,0,0,0,1,0,0,0,0,0,1,DOE,SONIC: AI acceleration as a service
DOE-0036-2023,0,0,0,0,0,1,0,0,0,0,0,1,0,0,0,0,0,2,DOE,Computational capabilities to support experimental efforts
GSA-0009-2023,0,0,0,0,0,0,0,0,0,0,0,0,0,0,0,0,0,0,GSA,Solicitation Review Tool (SRT)
HHS-0114-2023,0,0,0,0,0,0,0,0,1,0,0,1,0,0,0,0,0,2,HHS,Scientific Research Data Management System Natural Language Processing Conflict of Interest Tool
USAID-0001-2023,0,0,0,0,0,0,0,0,0,0,0,0,0,0,0,0,0,0,USAID,Gender differentiated credit scoring
DOC-0008-2023,0,0,0,0,0,0,0,0,0,0,0,1,0,0,0,1,0,2,DOC,AI-based automation of acoustic detection of marine mammals
DOC-0004-2023,0,1,1,0,0,0,0,0,0,0,0,0,0,0,0,0,0,2,DOC,Market Diversification Toolkit
HHS-0038-2023,0,0,0,0,0,0,0,0,0,1,0,1,0,0,0,0,0,2,HHS,Named Entity Recognition for Opioid Use in Free Text Clinical Notes from Electronic Health Records
DOE-0117-2023,0,0,0,0,0,0,1,0,0,0,0,1,0,0,0,0,0,2,DOE,To identify and characterization REE- CM hot zones using machine learning-aided multi-physics.
HHS-0101-2023,0,0,0,0,0,0,0,0,0,1,0,1,0,0,0,0,0,2,HHS,Opioid agonists/antagonists knowledgebase (OAK) to assist review and development of analgesic products for pain management and opioid use disorder treatment
DOC-0003-2023,0,1,1,0,0,0,0,0,0,0,0,0,0,0,0,0,0,2,DOC,AD/CVD Self Initiation
GSA-0000-2023,0,0,0,0,0,0,0,0,0,0,0,0,0,0,0,0,0,0,GSA,Acquisition Analytics
DOE-0067-2023,0,0,0,0,0,1,0,0,0,0,0,1,0,0,0,0,1,3,DOE,Rokbase Geologic Core Data Tool
DOS-0017-2023,0,0,0,0,0,0,0,0,0,0,0,0,0,0,0,0,0,0,DOS,Machine-Learning Assisted Measurement and Evaluation of Public Outreach
DOE-0163-2023,0,0,0,0,0,0,0,0,0,0,0,1,0,0,0,0,1,2,DOE,AI-Based Chat Bot
USDA-0028-2023,0,0,0,0,0,0,0,0,0,0,0,0,0,0,0,0,0,0,USDA,Census of Agricuilture Response Propensity Scores
DOE-0121-2023,0,0,0,0,0,1,0,0,0,0,0,1,0,0,0,0,0,2,DOE,To implement sensor-driven deep learning/artificial intelligence for power plant monitoring
NARA-0002-2023,0,0,0,0,0,0,0,0,0,0,0,0,0,0,0,0,0,0,NARA,Automated Data Discovery and Classification Pilot
DOC-0009-2023,0,0,0,0,0,0,1,0,0,0,0,1,0,0,0,0,0,2,DOC,Developing automation to determine species and count using optical survey data in the Gulf of Mexico
SSA-0007-2023,0,0,0,0,0,0,0,0,0,0,0,0,0,0,0,0,0,0,SSA,PATH Model
DOS-0009-2023,0,0,0,0,1,0,0,0,0,0,0,1,0,0,0,0,0,2,DOS,Automated Burning Detection
DOC-0000-2023,0,0,0,0,0,0,0,0,0,0,0,0,0,0,0,0,0,0,DOC,B2B Matchmaking
DOT-0002-2023,0,0,0,0,0,0,0,0,0,0,0,0,0,0,0,0,0,0,DOT,Surface Report Classifiier (SCM/Auto-Class)
DOS-0000-2023,0,0,0,0,0,0,0,0,0,0,0,0,0,0,0,0,0,0,DOS,Federal Procurement Data System (FPDS) Auto-Populate Bot
USDA-0013-2023,0,0,0,0,0,0,0,0,0,1,0,1,0,0,0,0,0,2,USDA,Westat
NASA-0010-2023,0,0,0,0,0,0,0,0,0,0,0,1,1,0,0,0,0,2,NASA,ASPEN Mission Planner
DOE-0034-2023,0,0,0,0,0,1,1,0,0,0,0,1,0,0,0,0,0,3,DOE,Analysis to Assess Offshore CCS Trends and Gaps
DOE-0044-2023,0,0,0,0,0,1,0,0,0,0,0,1,0,0,0,0,0,2,DOE,Develop and demonstrate reinforcement learning approach for time-varying control for flexible hydrogen and power production.
HHS-0056-2023,0,0,0,0,0,0,0,0,0,0,0,0,0,0,0,0,0,0,HHS,Performance Metrics Database and Analytics (PMDA)
DOS-0022-2023,0,0,0,0,0,0,0,0,0,0,0,0,0,0,0,0,0,0,DOS,Optical Character Recognition – text extraction
DHS-0030-2023,0,0,0,0,0,0,0,0,0,0,1,1,0,0,0,0,0,2,DHS,Mobile Device Analytics
DHS-0000-2023,0,0,0,0,0,0,0,0,0,0,0,1,0,0,0,0,0,1,DHS,AI Curated Synthetic Data
NARA-0003-2023,0,0,0,0,0,0,0,0,0,0,0,1,0,0,0,0,1,2,NARA,Semantic Search for National Archives Catalog - an Artificial Intelligence (AI) / Machine Learning (ML) Pilot Program
DHS-0022-2023,0,0,0,0,0,0,0,0,0,0,0,1,0,0,0,0,0,1,DHS,Malware Reverse Engineering
DOE-0092-2023,0,0,0,0,0,1,0,0,0,0,0,1,0,0,0,0,0,2,DOE,"To develop a wireless, distributed data acquisition and interpretation system foe seismic monitoring and carbon storage characterization."
DOI-0034-2023,0,0,0,0,0,0,0,0,0,0,0,1,0,0,0,0,0,1,DOI,SWFL Habitat GIS Model
DOC-0024-2023,0,0,0,0,0,0,0,0,0,0,0,0,0,0,0,0,0,0,DOC,First Guess Excessive Rainfall Outlook
HHS-0116-2023,0,0,0,0,0,0,0,0,0,1,0,1,0,0,0,0,0,2,HHS,Research Area Tracking Tool
DOE-0063-2023,0,0,0,0,0,0,0,0,0,0,0,1,0,1,0,0,0,2,DOE,Neural networks used to compensate a drone-mounted magnetic sensor for maneuvering of the drone.
TREAS-0011-2023,0,0,0,0,0,0,0,0,0,0,0,1,0,0,0,0,0,1,TREAS,Predictive equipment maintenance system
HHS-0064-2023,0,0,0,0,0,0,0,0,0,0,0,1,0,0,0,0,1,2,HHS,Process Large Amount of Submitted Docket Comments
DHS-0036-2023,0,0,0,0,0,0,0,0,0,0,1,0,0,0,0,0,0,1,DHS,Person-Centric Identity Services A-Number Management Model
VA-0018-2023,0,0,0,0,0,0,0,0,0,0,0,1,0,0,0,0,0,1,VA,Provider directory data accuracy and system of record alignment
HHS-0123-2023,0,0,0,0,0,0,0,0,0,1,0,1,0,0,0,0,0,2,HHS,Stem Cell Auto Coder
DOT-0007-2023,0,0,0,0,0,0,0,0,0,1,0,1,0,0,0,0,0,2,DOT,Machine Learning for Occupant Safety Research
USDA-0010-2023,0,0,0,0,0,0,0,0,0,0,0,1,0,0,0,0,0,1,USDA,ARS Project Mapping
SSA-0013-2023,0,0,0,0,0,0,0,0,0,0,0,0,0,0,0,0,0,0,SSA,Mobile Wage Reporting (MOBWR)
DOI-0010-2023,0,0,0,0,0,0,0,0,0,0,0,1,0,0,0,0,0,1,DOI,Well Activity Report Classification
HHS-0011-2023,0,0,0,0,0,0,0,0,0,1,0,1,0,0,0,0,0,2,HHS,Digital MCM: Raisonance
DOE-0103-2023,0,0,0,0,0,1,0,0,0,0,0,1,0,0,0,0,0,2,DOE,To develop low cost conversion of coal to graphene
DHS-0006-2023,0,0,0,0,0,0,0,0,0,0,0,1,0,0,0,0,0,1,DHS,Data and Entity Resolution
HHS-0081-2023,0,0,0,0,0,0,0,0,0,1,0,0,0,0,1,0,0,2,HHS,Creating a development network
DHS-0026-2023,0,0,0,0,0,0,0,0,0,0,0,0,0,0,0,0,0,0,DHS,RelativityOne
HHS-0129-2023,0,0,0,0,0,0,0,0,0,1,0,0,0,0,0,0,0,1,HHS,CLARIN: Detecting clinicians' attitudes through clinical notes
NASA-0000-2023,0,0,0,0,0,0,0,0,0,0,0,1,0,0,0,0,0,1,NASA,AdaStress
HHS-0105-2023,0,0,0,0,0,0,0,0,0,0,0,1,0,0,0,0,0,1,HHS,Towards Explainable AI: Advancing Predictive Modeling for Regulatory Use
HHS-0059-2023,0,0,0,0,0,0,0,0,0,1,0,0,0,0,0,0,0,1,HHS,Drug Cost Increase Predictions
HHS-0087-2023,0,0,0,0,0,0,0,0,0,1,0,1,0,0,0,0,0,2,HHS,CluePoints CRADA
HHS-0050-2023,0,0,0,0,0,0,0,0,0,0,0,1,0,0,0,0,0,1,HHS,CMS Connect (CCN)
EPA-0001-2023,0,0,0,0,0,0,0,1,0,0,0,0,0,0,0,0,0,1,EPA,Records Categorization
HHS-0096-2023,0,0,0,0,0,0,0,0,0,1,0,1,0,0,0,0,0,2,HHS,Development of virtual animal models to simulate animal study results using Artificial Intelligence (AI)
VA-0028-2023,0,0,0,0,0,0,0,0,0,1,0,1,0,0,1,0,0,3,VA,Predicting hospitalization and corticosteroid use as a surrogate for IBD flares
VA-0012-2023,0,0,0,0,0,0,0,0,0,1,0,1,0,0,1,0,0,3,VA,Machine learning tools to predict outcomes of hospitalized VA patients
DOC-0033-2023,0,0,0,0,0,0,1,0,0,0,0,1,0,0,0,0,0,2,DOC,VIAME: Video and Image Analysis for the Marine Environment Software Toolkit
HHS-0061-2023,0,0,0,0,0,0,0,0,0,1,0,0,0,0,0,0,0,1,HHS,Drug cost anomaly detection
DOC-0037-2023,0,0,0,0,0,0,1,0,0,0,0,1,0,0,0,1,0,3,DOC,Steller sea lion automated count program
HHS-0062-2023,0,0,0,0,0,0,0,0,0,0,0,1,0,0,0,0,0,1,HHS,Artificial Intelligence (AI) Explorers Program Pilot - Automated Technical Profile
USDA-0037-2023,0,0,0,0,0,0,0,0,0,0,0,1,0,0,0,0,0,1,USDA,Predictive Maintenance Impacts
HHS-0005-2023,0,0,0,0,0,0,0,0,0,1,0,1,0,0,0,0,0,2,HHS,Burn & Blast MCMs: Rivanna
HHS-0013-2023,0,0,0,0,0,0,0,0,0,1,0,0,0,0,0,0,0,1,HHS,Host-Based Diagnostics: Patchd
DOI-0033-2023,0,0,0,0,0,0,1,0,0,0,0,1,0,0,0,0,0,2,DOI,21st Century Prospecting: AI-assisted Surveying of Critical Mineral Potential (Reimbursable)
DOE-0003-2023,0,0,0,0,0,0,0,0,0,0,0,1,0,0,0,0,0,1,DOE,AI Denoising
DHS-0010-2023,0,0,0,0,0,0,0,0,0,0,0,1,0,0,0,0,0,1,DHS,RVSS Legacy Overhauled System Project (INVNT)
DOS-0028-2023,0,0,0,0,0,0,0,0,0,0,0,0,0,0,0,0,0,0,DOS,Text Similarity
DOE-0109-2023,0,0,0,0,0,1,0,0,0,0,0,1,0,0,0,0,0,2,DOE,"To drive insights using machine learning-based dynamics, control, and health models and tools developed by NETL to gain valuable operational data, insights, and"
DOL-0014-2023,0,0,0,0,0,0,0,0,0,0,0,0,0,0,0,0,0,0,DOL,Case Recording summarization
DOI-0028-2023,0,0,0,0,0,0,0,0,0,0,0,1,0,0,0,0,0,1,DOI,WRA.WPID.IWP.PUMP ExaSheds stream temperature projections with process-guided deep learning
TREAS-0006-2023,0,0,1,0,0,0,0,0,0,0,0,1,0,0,0,0,0,2,TREAS,DATA Act
DOL-0007-2023,0,0,0,0,0,0,0,0,0,0,0,1,0,0,0,0,0,1,DOL,Hololens
DHS-0034-2023,0,0,0,0,0,0,0,0,0,0,0,1,0,0,0,0,0,1,DHS,I-539 approval prediction
NASA-0019-2023,0,0,0,0,0,0,1,0,0,0,0,1,0,0,0,0,0,2,NASA,Geophysical Observations Toolkit for Evaluating Coral Health (GOTECH)
USAID-0000-2023,0,0,0,0,0,0,0,0,0,0,0,1,0,0,0,0,0,1,USAID,Media Early Warning System (MEWS)
HHS-0004-2023,0,0,0,0,0,0,0,0,0,1,0,1,0,0,0,0,0,2,HHS,ReDIRECT: AriScience
DOE-0046-2023,0,0,0,0,0,0,0,0,0,0,0,1,0,0,0,0,0,1,DOE,"Develop, integrate, and automate the reduction of CFD models while preserving acceptable levels of accuracy. In general for CCSI2, this work intends to focuse on CFD applications."
DOI-0027-2023,0,0,0,0,0,0,1,0,0,0,0,0,0,0,0,0,0,1,DOI,WRA.WPID.IWP.PUMP Turbidity Forecasting
DOJ-0003-2023,0,0,0,0,0,0,0,0,0,0,1,0,0,0,0,0,0,1,DOJ,Privileged Material Identification
DOE-0073-2023,0,0,0,0,0,1,0,0,0,0,0,1,0,0,0,0,0,2,DOE,To analyze data and derive insights and improve predictions to forecast wellbore kick events to reduce loss of control events.
HHS-0069-2023,0,0,0,0,0,0,0,0,0,0,0,1,0,0,0,0,0,1,HHS,Developing Tools based on Text Analysis and Machine Learning to Enhance PSG Review Efficiency
NASA-0028-2023,0,0,0,0,0,0,0,0,0,0,0,0,0,0,0,0,0,0,NASA,ImageLabeler
DOE-0149-2023,0,0,0,0,0,0,0,0,0,0,0,1,0,0,0,0,0,1,DOE,Using AI/ML to replace conventional geophysics inversion - does the process quicker than the typical method. Make geophysical results more user-friendly.
DOT-0011-2023,0,0,0,0,0,0,0,0,0,0,0,1,0,0,0,0,0,1,DOT,Crushed Aggregate Gradation Evaluation System
DOE-0122-2023,0,0,0,0,0,0,0,0,0,0,0,1,0,0,0,0,0,1,DOE,To implement unsupervised learning based interaction force model for nonspherical particles in incompressible flows
VA-0015-2023,0,0,0,0,0,0,0,0,0,1,0,0,0,0,1,0,0,2,VA,Prediction of Veterans' Suicidal Ideation following Transition from Military Service
HHS-0048-2023,0,0,0,0,0,0,0,0,0,0,0,0,0,0,0,0,0,0,HHS,CCIIO Enrollment Resolution and Reconciliation System (CERRS)
DOE-0129-2023,0,0,0,0,0,0,0,0,0,0,0,1,0,0,0,0,0,1,DOE,To provide combustion performance and emissions optimization through integration of a miniaturized high- temperature multi process monitoring system
DOE-0167-2023,0,0,0,0,0,0,0,0,0,0,0,1,0,1,0,0,0,2,DOE,AI used for predictive modeling and real time control of traffic systems
DOI-0011-2023,0,0,0,0,0,0,0,0,0,0,0,1,0,0,0,0,0,1,DOI,Well Risk
HHS-0141-2023,0,0,0,0,0,0,0,0,0,1,0,1,0,0,0,0,0,2,HHS,Automated approaches to analyzing scientific topics
DOE-0024-2023,0,0,0,0,0,0,0,0,0,0,0,1,0,0,0,0,0,1,DOE,"High-performance computing, semiconductors, and advanced computer hardware"
DOE-0136-2023,0,0,0,0,0,0,0,0,0,0,0,1,0,0,0,0,0,1,DOE,To use AI to calibrate the simulation model by matching simulation data with production history data.
DOI-0030-2023,0,0,0,0,0,0,0,0,0,1,0,0,0,0,0,0,0,1,DOI,DOMESTIC WELL VULNERABILITY SES INDICATORS NEW HAMPSHIRE
SSA-0006-2023,0,0,0,0,0,0,0,0,0,1,0,1,0,0,0,0,0,2,SSA,Medicare Part D Subsidy Model
DHS-0013-2023,0,0,0,0,0,0,0,0,0,0,0,1,0,0,0,0,0,1,DHS,Advanced Analytic Enabled Forensic Investigation
USDA-0008-2023,0,0,1,0,0,0,0,0,0,0,0,1,0,0,0,0,0,2,USDA,Artificial Intelligence for correlative statistical analysis
DOE-0041-2023,0,0,0,0,0,0,0,0,0,0,0,1,0,0,0,0,0,1,DOE,Database will be utilized to demonstrate targeted biocide strategies using AI to assess large DNA datasets.
DOT-0013-2023,0,0,0,0,0,0,0,0,0,0,0,1,0,0,0,0,1,2,DOT,PHMSA Rule Making
DOC-0015-2023,0,0,0,0,0,0,1,0,0,0,0,1,0,0,0,0,0,2,DOC,EcoCast: A dynamic ocean management tool to reduce bycatch and support sustainable fisheries
DOS-0018-2023,0,0,0,0,0,0,0,0,0,0,0,0,0,0,0,0,0,0,DOS,GPATools and GPAIX
NASA-0012-2023,0,0,0,0,0,0,0,0,0,0,0,1,1,0,0,0,0,2,NASA,CLASP Coverage Planning & Scheduling
DOI-0021-2023,0,0,0,0,0,0,1,0,0,0,0,1,0,0,0,0,0,2,DOI,WRA.NWC.WU Gap analysis for water use
DOL-0011-2023,0,0,0,0,0,0,0,0,0,0,0,0,0,0,0,0,0,0,DOL,Call Recording Analysis
HHS-0043-2023,0,0,0,0,0,0,0,0,0,0,0,0,0,0,0,0,0,0,HHS,Predictive Intelligence - Incident Assignment for Quality Service Center (QSC).
NASA-0024-2023,0,0,0,0,0,0,0,0,0,0,0,1,0,0,0,0,0,1,NASA,Deep Learning Approaches for mapping surface water using Sentinel-1
USDA-0017-2023,0,0,0,0,0,0,0,0,0,0,0,1,0,0,0,0,0,1,USDA,OCIO/CDO Council Comment Analysis Tool
DOE-0177-2023,0,0,1,0,0,0,0,0,0,0,0,0,0,0,0,0,0,1,DOE,FIMS - Invoice BOT - Employee Reimbursements FIMS - Invoice BOT - Purchase Power
NASA-0007-2023,0,0,0,0,0,0,0,0,0,0,0,1,0,0,0,0,0,1,NASA,Inverse Design of Materials
DOE-0007-2023,0,0,0,0,0,0,0,0,0,0,0,1,0,0,0,0,0,1,DOE,In-pixel AI for future tracking detectors
HHS-0124-2023,0,0,0,0,0,0,0,0,0,0,0,1,0,0,0,0,0,1,HHS,JIT Automated Calculator (JAC)
NASA-0001-2023,0,0,0,0,0,0,0,0,0,0,0,1,0,0,0,0,0,1,NASA,Biological and Physical Sciences (BPS) RNA Sequencing Benchmark Training Dataset
DOE-0023-2023,0,0,0,0,0,0,0,0,0,0,0,1,0,0,0,0,0,1,DOE,"Cyber security, data storage, and data management technologies"
DOE-0043-2023,0,0,0,0,0,0,0,0,0,0,0,1,0,0,0,0,0,1,DOE,Demonstrate the robust performance of our ML method in a commercial-scale synthetic data and integrate image-to-image mapping with convolutional neural networks
DOE-0078-2023,0,0,0,0,0,1,0,0,0,0,0,1,0,0,0,0,0,2,DOE,"To automate RDE image analysis, machine learning for RDE image analysis is being employed."
DOE-0119-2023,0,0,0,0,0,1,0,0,0,0,0,1,0,0,0,0,0,2,DOE,To implement machine learning to predict aerodynamic and combustion characteristics in hydrogen turbine
HHS-0139-2023,0,0,0,0,0,0,0,0,0,1,0,1,0,0,0,0,0,2,HHS,Pangolin lineage classification of SARS-CoV-2 genome sequences
SSA-0003-2023,0,0,0,0,0,0,0,0,0,0,0,0,0,0,0,0,0,0,SSA,Rep Payee Misuse Model
HHS-0022-2023,0,0,0,0,0,0,0,0,0,1,0,1,0,0,0,0,0,2,HHS,TowerScout:Automated cooling tower detection from aerial imagery for Legionnaires' Disease outbreak investigation
USDA-0036-2023,0,0,0,0,0,0,0,0,0,0,0,1,0,0,0,0,0,1,USDA,Intelligent Ticket Routing
VA-0009-2023,0,0,0,0,0,0,0,0,0,1,0,1,0,0,1,0,0,3,VA,Disentangling dementia patterns using artificial intelligence on brain imaging and electrophysiological data
DOE-0176-2023,0,0,0,0,0,0,0,0,0,0,0,1,0,0,0,0,0,1,DOE,Universal MCEG
NASA-0017-2023,0,0,0,0,0,0,0,0,0,0,0,1,1,0,0,0,0,2,NASA,TRN (Terrain Relative Navigation)
HHS-0147-2023,0,0,0,0,0,0,0,0,0,1,0,0,0,0,0,0,0,1,HHS,"Research, Condition, and Disease Categorization (RCDC) AI Validation Tool"
DOE-0005-2023,0,0,0,0,0,0,0,0,0,0,0,1,1,0,0,0,0,2,DOE,High-Velocity AI: Generative Models
HHS-0145-2023,0,0,0,0,0,0,0,0,0,0,0,1,0,0,0,0,0,1,HHS,Machine learning pipeline for mining citations from full-text scientific articles
DOE-0059-2023,0,0,0,0,0,0,0,0,0,0,0,0,0,0,0,0,0,0,DOE,ML-based approaches to improve site characterization efforts
HHS-0136-2023,0,0,0,0,0,0,0,0,0,1,0,1,0,0,0,0,0,2,HHS,MTIX
DOC-0034-2023,0,0,0,0,0,0,0,0,0,0,0,1,0,0,0,0,0,1,DOC,ENSO Outlooks using observed/analyzed fields
DOC-0035-2023,0,0,0,0,0,0,1,0,0,0,0,0,0,0,0,1,0,2,DOC,Using community-sourced underwater photography and image recognition software to study green sea turtle distribution and ecology in southern California
DOE-0032-2023,0,0,0,0,0,1,0,0,0,0,0,1,0,0,0,0,0,2,DOE,"AI/ML may be needed to extract data from text, image and tabular- based resources. NEWTS is partnering with university teams to use ML to fill in data gaps using predictive models."
DOE-0011-2023,0,0,0,0,0,0,0,0,0,0,0,1,0,0,0,0,0,1,DOE,Next-Generation Beam Cooling and Control with Optical Stochastic Cooling
HHS-0076-2023,0,0,0,0,0,0,0,0,0,1,0,1,0,0,0,0,0,2,HHS,Using Unsupervised Learning to Generate Code Mapping Algorithms to Harmonize Data Across Data Systems
DHS-0037-2023,0,0,0,0,0,0,0,0,0,0,1,1,0,0,0,0,1,3,DHS,Person-Centric Identity Services Deduplication Model
HHS-0104-2023,0,0,0,0,0,0,0,0,0,1,0,1,0,0,0,0,0,2,HHS,Informing selection of drugs for COVID-19 treatment by big data analytics and artificial intelligence
DOE-0168-2023,0,0,0,0,0,0,0,0,0,0,0,1,0,0,0,0,0,1,DOE,APT Analytics
DOE-0025-2023,0,0,0,0,0,0,0,0,0,0,0,1,0,0,0,0,0,1,DOE,"Innovation methods, processes and promising practices that can affect the speed and effectiveness of innovation processes at scale."
DOE-0175-2023,0,0,0,0,0,0,0,0,0,0,0,1,0,0,0,0,0,1,DOE,Surrogate models for probabilistic Bayesian inference
DHS-0025-2023,0,0,0,0,0,0,0,0,0,0,0,0,0,0,0,0,0,0,DHS,Text Analytics for Survey Responses (TASR)
DOC-0012-2023,0,0,0,1,0,0,0,0,0,0,0,1,0,0,0,0,0,2,DOC,FathomNet
HHS-0152-2023,0,0,0,0,0,0,0,0,0,0,0,0,0,0,0,0,1,1,HHS,NIH Campus Steam Demand Forecaster
DOE-0020-2023,0,0,0,0,0,0,0,0,0,0,0,1,0,0,0,0,0,1,DOE,"Advanced materials science, engineering, and exploration relevant to the other key technology focus areas"
TREAS-0007-2023,0,0,0,0,0,0,0,0,0,0,0,0,0,0,0,0,1,1,TREAS,Inventory Item Replenishment MLR Modeling Pilot - Phase 1b
TREAS-0001-2023,0,0,1,0,0,0,0,0,0,0,0,0,0,0,0,0,0,1,TREAS,Appeals Case Memorandum
HHS-0085-2023,0,0,0,0,0,0,0,0,0,1,0,1,0,0,0,0,0,2,HHS,Community Level Opioid Use Dynamics Modeling and Simulation
DHS-0008-2023,0,0,0,0,1,0,0,0,0,0,0,1,0,0,0,0,0,2,DHS,Geospatial imagery utilizing annotation
HHS-0008-2023,0,0,0,0,0,0,0,0,0,1,0,1,0,0,0,0,0,2,HHS,Burn & Bast MCMs: SpectralMD
USDA-0021-2023,0,0,0,0,0,0,0,0,0,0,0,1,0,0,0,0,0,1,USDA,RMRS Raster Utility
NASA-0031-2023,0,0,0,0,0,0,0,0,0,0,0,1,0,0,0,0,0,1,NASA,Ship detection
HHS-0112-2023,0,0,0,0,0,0,0,0,0,0,0,0,0,0,0,0,0,0,HHS,Federal IT Acquisition Reform Act (FITARA) Tool
DOE-0002-2023,0,0,0,0,0,0,0,0,0,0,0,1,0,0,0,0,0,1,DOE,SMMM
DOC-0013-2023,0,0,0,0,0,0,0,0,0,0,0,1,0,0,0,0,0,1,DOC,ANN to improve CFS T and P outlooks
DOE-0077-2023,0,0,0,0,0,1,0,0,0,0,0,0,0,0,0,0,0,1,DOE,To automate development of proxy models for power generation combustion systems.
DOC-0025-2023,0,0,0,0,0,0,0,0,0,0,0,1,0,0,0,0,0,1,DOC,First Guess Excessive Rainfall Outlook
VA-0029-2023,0,0,0,0,0,0,0,0,0,1,0,1,0,0,0,0,0,2,VA,Predicting corticosteroid free endoscopic remission with Vedolizumab in ulcerative colitis
DOE-0070-2023,0,0,0,0,0,1,0,0,0,0,0,1,0,0,0,0,0,2,DOE,"To drive insights on the power system reliability, cost, and operations during the energy transition with and without FECM technologies"
DOE-0039-2023,0,0,0,0,0,1,1,0,0,0,0,1,0,0,0,0,1,4,DOE,"Data discovery, processing, and generation using machine learning for a range of CCS data and information"
HHS-0128-2023,0,0,0,0,0,0,0,0,0,1,0,1,0,0,0,0,0,2,HHS,MEDIQA: Biomedical Question Answering
DOE-0010-2023,0,0,0,0,0,1,0,0,0,0,0,1,0,0,0,0,0,2,DOE,Machine Learning for Linac Improved Performance
DHS-0014-2023,0,0,0,0,0,0,0,0,0,0,0,1,0,0,0,0,0,1,DHS,Advanced Network Anomaly Alerting
SSA-0001-2023,0,0,0,0,0,0,0,0,0,0,0,0,0,0,0,0,0,0,SSA,Anomalous iClaim Predictive Model
NASA-0029-2023,0,0,0,0,0,0,0,0,0,0,0,1,0,0,0,0,0,1,NASA,"Mapping sugarcane in Thailand using transfer learning, a lightweight convolutional neural network, NICFI high resolution satellite imagery and Google Earth Engine"
DOE-0125-2023,0,0,0,0,0,1,0,0,0,0,0,1,0,0,0,0,0,2,DOE,To leverage machine learning and predictive analytics to advance the state of the art in pipline infrastructure integrity management.
VA-0027-2023,0,0,0,0,0,0,0,0,0,1,0,1,0,0,1,0,0,3,VA,Prediction of biologic response to thiopurines
HHS-0142-2023,0,0,0,0,0,0,0,0,0,1,0,1,0,0,0,0,0,2,HHS,Identification of emerging areas
USAID-0008-2023,0,0,0,0,0,0,0,0,0,1,0,1,0,0,0,0,0,2,USAID,Serbia: AI predictions for the utilization of hospital beds
DOS-0012-2023,0,0,0,0,0,0,0,0,0,0,0,0,0,0,0,0,0,0,DOS,Apptio
DOS-0024-2023,0,0,0,0,0,0,0,0,0,0,0,1,0,0,0,0,0,1,DOS,forecasting
DOE-0164-2023,0,0,0,0,0,1,0,0,0,0,0,1,0,0,0,0,0,2,DOE,Adaptive Cyber-Physical Resilience for Building Control Systems
DOE-0162-2023,0,0,0,0,0,0,1,0,0,0,0,1,0,0,0,0,0,2,DOE,Soil Moisture Modeling
USAID-0006-2023,0,0,0,0,0,0,0,0,0,1,0,0,0,0,0,0,0,1,USAID,Using ML for predicting treatment interruption among PLHIV in Nigeria
DOC-0029-2023,0,0,0,0,0,0,0,0,0,0,0,1,1,0,0,0,0,2,DOC,"The VOLcanic Cloud Analysis Toolkit (VOLCAT): An application system for detecting, tracking, characterizing, and forecasting hazardous volcanic events"
HHS-0031-2023,0,0,0,0,0,0,0,0,0,0,0,1,0,0,0,0,0,1,HHS,Semi-Automated Nonresponse Detection for Surveys (SANDS)
HHS-0132-2023,0,0,0,0,0,0,0,0,0,1,0,1,0,0,0,0,0,2,HHS,Computed Author: author name disambiguation for PubMed
HHS-0063-2023,0,0,0,0,0,0,0,0,0,0,0,0,0,0,0,0,0,0,HHS,Artificial Intelligence (AI) Explorers Program Pilot - Section 508 accessibility Testing
DHS-0039-2023,0,0,0,0,0,0,0,0,0,0,0,1,0,0,0,0,0,1,DHS,Sentiment Analysis - Surveys
DOJ-0000-2023,0,0,0,0,0,0,0,0,0,0,0,1,0,0,0,0,0,1,DOJ,Drug Signature Program Algorithms
VA-0019-2023,0,0,0,0,0,0,0,0,0,1,0,1,0,0,1,0,0,3,VA,Seizure detection from EEG and video
DOE-0065-2023,0,0,0,0,0,1,1,0,0,0,0,1,0,0,0,0,0,3,DOE,Prediction of gasification gas yield and compositions using machine learning
DOE-0153-2023,0,0,0,0,0,0,0,0,0,0,0,1,0,0,0,0,0,1,DOE,Using recursive neural networks and using fiber optic cables to recognize strain patterns and warn operators a fracture is coming.
DOE-0134-2023,0,0,0,0,0,1,0,0,0,0,0,1,0,0,0,0,0,2,DOE,To research and develop physics- aware and AI-enabled cyber- physical intrusion response for the power grid.
HHS-0154-2023,0,0,0,0,0,0,0,0,0,0,0,1,0,0,0,0,1,2,HHS,Natural Language Processing Tool for Open Text Analysis
VA-0022-2023,0,0,0,0,0,0,0,0,0,1,0,1,0,0,0,0,0,2,VA,Gait signatures in patients with peripheral artery disease
DHS-0028-2023,0,0,0,0,0,0,0,0,0,0,0,1,0,0,0,0,0,1,DHS,Machine Translation (Previously Language Translator)
USAID-0007-2023,0,0,0,0,0,0,0,0,0,0,0,0,0,0,0,0,0,0,USAID,Breakthrough RESEARCH’s Social Media Listening
HHS-0028-2023,0,0,0,0,0,0,0,0,0,0,0,0,0,1,0,0,0,1,HHS,Identify infrastructure supports for physical activity (e.g. sidewalks) in satellite and roadway images
DOE-0017-2023,0,0,0,0,0,0,0,0,0,0,0,1,0,0,0,0,0,1,DOE,Deep Learning Malware Analysis for reusable cyber defenses.
DOC-0039-2023,0,0,0,0,0,0,0,0,0,0,0,1,0,0,0,0,0,1,DOC,Replacing unstructured WW3 in the Great Lakes with a Recurrent neural network and a boosted ensemble decision tree
DOC-0002-2023,0,1,0,0,0,0,0,0,0,0,0,0,0,0,0,0,0,1,DOC,Consolidated Screening List
HHS-0092-2023,0,0,0,0,0,0,0,0,0,0,0,0,0,0,0,0,0,0,HHS,OSCAR
VA-0005-2023,0,0,0,0,0,0,0,0,0,1,0,1,0,0,1,0,0,3,VA,Automated eye movement analysis and diagnostic prediction of neurological disease
DOE-0026-2023,0,0,0,0,1,0,0,0,0,0,0,1,0,0,0,0,0,2,DOE,Natural and anthropogenic disaster prevention and mitigation
DOI-0031-2023,0,0,0,0,1,0,1,0,0,0,0,1,0,0,0,0,0,3,DOI,Two-Dimensional Detailed Hydraulic Analysis
HHS-0018-2023,0,0,0,0,0,0,0,0,0,0,0,1,0,0,0,0,0,1,HHS,Modeling & Simulation
DOE-0158-2023,0,0,0,0,0,1,0,0,0,1,0,1,0,0,0,0,1,4,DOE,"Data Analytics and Machine Learning (DAMaL) Tools to enhance the analysis of Environment, Safety and Health (ES&H) data: Classification, Robotic Process Automation and Data Visualization"
DOE-0064-2023,0,0,0,0,0,1,0,0,0,0,0,1,0,0,0,0,0,2,DOE,Online real time system Identification
VA-0014-2023,0,0,0,0,0,0,0,0,0,1,0,1,0,0,1,0,0,3,VA,Precision medicine PTSD and suicidality diagnostic and predictive tool
DOL-0017-2023,0,0,0,0,0,0,0,0,0,0,0,1,0,0,0,0,0,1,DOL,Expenditure Classification Autocoder
DOE-0068-2023,0,0,0,0,0,0,0,0,0,0,0,1,0,0,0,0,0,1,DOE,Solving Field Equations on the Wafer Scale Engine
USDA-0025-2023,0,0,0,0,0,0,1,0,0,0,0,1,0,0,0,0,0,2,USDA,Forest Health Detection Monitoring
DOE-0094-2023,0,0,0,0,0,1,0,0,0,0,0,1,0,0,0,0,0,2,DOE,To develop an Artificial intelligence- based model for rotating detonation engine designs
VA-0020-2023,0,0,0,0,0,0,0,0,0,1,0,1,0,0,1,0,0,3,VA,SoKat Suicidial Ideation Detection Engine
DOT-0009-2023,0,0,0,0,0,0,0,0,0,0,0,1,0,0,0,0,0,1,DOT,Offshore Precipitation Capability (OPC)
DOE-0132-2023,0,0,0,0,0,1,0,0,0,0,0,1,0,0,0,0,0,2,DOE,To provide natural gas leak detection and quality control
GSA-0001-2023,0,0,0,0,0,0,0,0,0,0,0,0,0,0,0,0,0,0,GSA,City Pairs Program Ticket Forecast and Scenario Analysis Tools
DOC-0036-2023,0,0,0,0,0,0,1,0,0,0,0,1,0,0,0,1,0,3,DOC,An Interactive Machine Learning Signals in Passive Acoustic Recordings Toolkit for Classifying Species Identity of Cetacean Echolocation
DOS-0001-2023,0,0,0,0,0,0,0,0,0,0,0,1,0,0,0,0,0,1,DOS,Product Service Code Automation ML Model
DOT-0003-2023,0,0,0,0,0,0,0,0,0,0,0,1,0,0,0,0,0,1,DOT,Automated Delay detection using voice processing
DOC-0005-2023,0,0,0,0,0,0,0,0,0,0,0,1,0,0,0,0,0,1,DOC,Azure Chatbot
DOE-0135-2023,0,0,0,0,0,0,0,0,0,0,0,1,0,0,0,0,0,1,DOE,To use advanced machine learning techniques to analyze static and dynamic measurements of proppant distribution and fracture geometry data.
DOE-0111-2023,0,0,0,0,0,0,0,0,0,0,0,0,0,0,0,0,0,0,DOE,To enhance the SimCCS toolset to better account for existent infrastructure and to more broadly engage other user bases to improve toolset performance and applicability.
SSA-0002-2023,0,0,0,0,0,0,0,0,0,0,0,0,0,0,0,0,0,0,SSA,Pre-Effectuation Review / Targeted Denial Review Models
DOE-0072-2023,0,0,0,0,0,0,0,0,0,0,0,1,0,0,0,0,0,1,DOE,To accurately predict alloy & component performance extrapolated to conditions where experimental results to do not exist.
DOE-0071-2023,0,0,0,0,0,1,0,0,0,0,0,1,0,0,0,0,0,2,DOE,To accelerate discovery of protection system and laser processing of protective coatings on CMC for hydrogen turbines.
DHS-0023-2023,0,0,0,0,0,0,0,0,0,0,0,1,0,0,0,0,1,2,DHS,Operational Activities Explorer
VA-0024-2023,0,0,0,0,0,0,0,0,0,1,0,1,0,0,1,0,0,3,VA,"Prediction of health outcomes, including suicide death, opioid overdose, and decompensated outcomes of chronic diseases."
DOI-0032-2023,0,0,0,0,0,0,0,0,0,0,0,1,0,0,0,0,1,2,DOI,GEMSC Geospatial Modernization and Machine Learning Integration
TREAS-0002-2023,0,0,0,0,0,0,0,0,0,0,0,1,0,0,0,0,0,1,TREAS,Coin quality inspection system
VA-0035-2023,0,0,0,0,0,0,0,0,0,1,0,0,0,0,1,0,0,2,VA,Extraction of family medical history from patient records
USDA-0004-2023,0,0,0,0,0,0,0,0,0,0,0,1,0,0,0,0,0,1,USDA,Automated Detection & Mapping of Host Plants from Ground Level Imagery
VA-0007-2023,0,0,0,0,0,0,0,0,0,1,0,0,0,0,0,0,0,1,VA,CuraPatient
DHS-0033-2023,0,0,0,0,0,0,0,0,0,0,0,0,0,0,0,0,0,0,DHS,I-485 Family Matching
HHS-0047-2023,0,0,0,0,0,0,0,0,0,0,0,0,0,0,0,0,0,0,HHS,"Priority Score Timeliness - forecast the time needed to work on an alert produced by Fraud Prevention System (Random Forest, Decision Tree, Gradient Boost, Generalized Linear Regression)"
DOC-0040-2023,0,0,0,0,0,0,0,0,0,0,0,0,0,0,0,0,0,0,DOC,Using k-means clustering to identify spatially and temporally consistent wave systems
DOS-0027-2023,0,0,0,0,0,0,0,0,0,0,0,0,0,0,0,0,0,0,DOS,TOPIQ
HHS-0119-2023,0,0,0,0,0,0,0,0,0,1,0,1,0,0,0,0,0,2,HHS,Automated approaches for table extraction
NASA-0002-2023,0,0,0,0,0,0,0,0,0,1,0,1,0,0,0,0,0,2,NASA,Biological and Physical Sciences Microscopy Benchmark Dataset
DOC-0010-2023,0,0,0,0,0,0,0,0,0,0,0,1,0,0,0,0,0,1,DOC,Fast tracking the use of VIAME for automated identification of reef fish
USAID-0010-2023,0,0,0,0,0,0,0,0,0,1,0,1,0,0,0,0,0,2,USAID,Indonesia: AI predictions for improving forecasts for TB drugs
DOC-0045-2023,0,0,1,0,0,0,0,0,0,0,0,1,0,0,0,0,0,2,DOC,AI use for CPC classification
HHS-0019-2023,0,0,0,0,0,0,0,0,0,1,0,1,0,0,0,0,0,2,HHS,Ventilator Medication Model
HHS-0080-2023,0,0,0,0,0,0,0,0,0,1,0,1,0,0,0,0,0,2,HHS,Onboarding of EHR data partners
USDA-0007-2023,0,0,0,0,0,0,0,0,0,0,0,1,0,0,0,0,0,1,USDA,Training machine learning models to automatically read file attachments and save information into a more convenient Excel format.
DOE-0107-2023,0,0,0,0,0,0,0,0,0,0,0,1,0,0,0,0,0,1,DOE,To drive insights on water recovery from cooling tower plumes
USDA-0006-2023,0,0,0,0,0,0,0,0,0,0,0,0,0,0,0,0,0,0,USDA,"Approximate string or fuzzy matching, used to automate matching similar, but not identical, text in administrative documents"
HHS-0068-2023,0,0,0,0,0,0,0,0,0,1,0,1,0,0,0,0,0,2,HHS,Machine-Learning based Heterogeneous Treatment Effect Models for Prioritizing Product-Specific Guidance Development
DOE-0110-2023,0,0,0,0,0,0,0,0,0,0,0,1,0,0,0,0,0,1,DOE,To employ machine learning to study the dependence of electrochemical performance on microstructural details
HHS-0083-2023,0,0,0,0,0,0,0,0,0,1,0,1,0,0,0,0,0,2,HHS,Label comparison tool to support identification of safety-related changes in drug labeling
HHS-0035-2023,0,0,0,0,0,0,0,0,0,0,0,1,0,0,0,0,0,1,HHS,AI/ML Model Release Standards
DOI-0013-2023,0,0,0,0,0,1,0,0,0,0,0,1,0,0,0,0,0,2,DOI,Level 1 Report Corrosion Level Classification
DOI-0006-2023,0,0,0,0,0,0,0,0,0,0,0,1,0,0,0,0,0,1,DOI,Improved Processing and Analysis of Test and Operating Data from Rotating Machines
TREAS-0000-2023,0,0,0,0,0,0,0,0,0,0,0,0,0,0,0,0,0,0,TREAS,Account Management Chatbot
DOE-0074-2023,0,0,0,0,0,0,1,0,0,0,0,1,0,0,0,0,0,2,DOE,"To apply machine learning applications to map carbon ore, rare earth element, and critical mineral resources"
DOE-0061-2023,0,0,0,0,0,0,1,0,0,0,0,1,0,0,0,0,0,2,DOE,"ML-based reduced order models of reservoir response to Co2 injection into saline and/or hydrocarbon- bearing formations - as the basis for integrated assessment modeling of leakage risk (e.g., SACROC)"
DOE-0066-2023,0,0,0,0,0,0,0,0,0,0,0,1,0,0,0,0,0,1,DOE,Reduce computational cost of CFD simulations that screen for more efficient intensified solvent contactor geometries.
HHS-0095-2023,0,0,0,0,0,0,0,0,0,1,0,1,0,0,0,0,0,2,HHS,Using XGBoost Machine Learning Method to Predict Antimicrobial Resistance from WGS data
DOI-0012-2023,0,0,0,0,0,1,1,0,0,0,0,1,0,0,0,0,0,3,DOI,Autonomous Drone Inspections
DOS-0013-2023,0,0,0,0,0,0,0,0,0,0,0,0,0,0,0,0,0,0,DOS,NLP for Foreign Assistance Appropriations Analysis
DOC-0046-2023,0,0,1,0,0,0,0,0,0,0,0,1,0,0,0,0,0,2,DOC,AI retrieval for TM design coding and Image search
DOE-0081-2023,0,0,0,0,0,1,0,0,0,0,0,1,0,0,0,0,0,2,DOE,To create and apply machine learning algorithms to predict carbon dioxide enhanced oil revoery improvements with rich gas in the Bell Creek Field and other selected fields.
VA-0038-2023,0,0,0,0,0,0,0,0,0,1,0,0,0,0,0,0,0,1,VA,Screening for esophageal adenocarcinoma
DOT-0005-2023,0,0,0,0,0,0,0,0,0,0,0,1,0,0,0,0,0,1,DOT,JASC Code classification in Safety Difficulty Reports (SDR)
HHS-0127-2023,0,0,0,0,0,0,0,0,0,0,0,1,0,0,0,0,0,1,HHS,CylanceProtect
OPM-0000-2023,0,0,0,0,0,0,0,1,0,0,0,0,0,0,0,0,1,2,OPM,Human Resource Apprentice (HRA)
DHS-0005-2023,0,0,0,0,0,0,0,0,0,0,0,1,0,0,0,0,0,1,DHS,Autonomous Surveillance Towers (Anduril)
USDA-0018-2023,0,0,0,0,0,0,0,0,0,0,0,1,0,0,0,0,0,1,USDA,Ecosystem Management Decision Support System (EMDS)
HHS-0054-2023,0,0,0,0,0,0,0,0,0,0,0,1,0,0,0,0,0,1,HHS,Medicaid And CHIP Financial (MACFin) Anomaly Detection Model for DSH Audit
HHS-0023-2023,0,0,0,0,0,0,0,0,0,1,0,1,0,0,0,0,0,2,HHS,HaMLET: Harnessing Machine Learning to Eliminate Tuberculosis
HHS-0098-2023,0,0,0,0,0,0,0,0,0,1,0,0,0,0,0,0,0,1,HHS,Identify sex disparities in opioid drug safety signals in FDA adverse events report systems (FAERS) and social media Twitter to improve women health
USDA-0024-2023,0,0,0,1,0,0,0,0,0,0,0,1,0,0,0,0,0,2,USDA,Geospatial and Remote Sensing Training Courses
NASA-0023-2023,0,0,0,0,0,0,0,0,0,0,0,1,0,0,0,0,0,1,NASA,Automatic Detection of Impervious Surfaces from Remotely Sensed Data Using Deep Learning
DOE-0018-2023,0,0,0,0,0,1,0,0,0,0,0,1,0,0,0,0,0,2,DOE,Geo Threat Observable for structure cyber threat related to the energy sector
DOI-0004-2023,0,0,0,0,0,0,0,0,0,0,0,1,0,0,0,0,0,1,DOI,Snowcast Showdown
DOE-0108-2023,0,0,0,0,0,1,0,0,0,0,0,1,0,0,0,0,0,2,DOE,To drive insights through data-driven predictive modeling to forecast the remaining lifespan and future risk of offshore production platforms.
NASA-0009-2023,0,0,0,0,0,0,0,0,0,0,0,1,1,0,0,0,0,2,NASA,Titan Methane Cloud Detection (GSFC Planetary Sciences Lab)
DOE-0123-2023,0,0,0,0,0,1,0,0,0,0,0,1,0,0,0,0,0,2,DOE,To improve control of hybrid SOFC- gas turbine power systems.
HHS-0078-2023,0,0,0,0,0,0,0,0,0,1,0,0,0,0,0,0,0,1,HHS,Scalable automated NLP-assisted chart abstraction and feature extraction tool
DHS-0040-2023,0,0,0,0,0,0,0,0,0,0,0,0,0,0,0,0,0,0,DHS,Topic Modeling on Request For Evidence data sets
HHS-0110-2023,0,0,0,0,0,0,0,0,0,0,0,1,0,0,0,0,0,1,HHS,NanCI: Connecting Scientists
DOC-0044-2023,0,0,1,0,0,0,0,0,0,0,0,1,0,0,0,0,0,2,DOC,AI retrieval for patent search
DOC-0042-2023,0,0,0,0,0,0,0,0,0,0,0,1,0,0,0,0,1,2,DOC,Data Science: Clutter
HHS-0137-2023,0,0,0,0,0,0,0,0,0,1,0,1,0,0,0,0,0,2,HHS,ClinicalTrials.gov Protocol Registration and Results System Review Assistant
DOI-0024-2023,0,0,0,0,0,0,1,0,0,0,0,0,0,0,0,0,0,1,DOI,WRA.HIHR.WQP Process-guided Deep Learning for Predicting Dissolved Oxygen on Stream Networks
DOS-0015-2023,0,0,0,0,0,0,0,0,0,0,0,0,0,0,0,0,0,0,DOS,Facebook Ad Test Optimization System
GSA-0004-2023,0,0,0,0,0,0,0,0,0,0,0,0,0,0,0,0,0,0,GSA,Contract Acquisition Lifecycle Intelligence (CALI)
DOE-0172-2023,0,0,0,0,0,0,0,0,0,0,0,1,0,0,0,0,0,1,DOE,Physics-Informed Learning Machines for Multiscale and Multiphysics Problems (PhILMs)
VA-0034-2023,0,0,0,0,0,0,0,0,0,1,0,0,0,0,0,0,0,1,VA,GI Genius (Medtronic)
NASA-0030-2023,0,0,0,0,0,0,0,0,0,0,0,1,0,0,0,0,0,1,NASA,Predicting streamflow with deep learning
GSA-0010-2023,0,0,0,0,0,0,0,0,0,0,0,0,0,0,0,0,0,0,GSA,Classifying Qualitative Data
DOE-0056-2023,0,0,0,0,0,0,0,0,0,0,0,1,0,0,0,0,0,1,DOE,Machine learning to process multi- model data and information to aid in the identification of undocumented orphaned wells
DOC-0011-2023,0,0,0,0,0,0,1,0,0,0,0,1,0,0,0,0,0,2,DOC,A Hybrid Statistical-Dynamical System for the Seamless Prediction of Daily Extremes and Subseasonal to Seasonal Climate Variability
DOE-0016-2023,0,0,0,0,0,0,0,0,0,0,0,1,1,0,0,0,0,2,DOE,Uncertainty Quantification and Instrument Automation to enable next generation cosmological discoveries
HHS-0041-2023,0,0,0,0,0,0,0,0,0,0,0,1,0,0,0,0,0,1,HHS,Amazon Lex and Amazon Polly for the Marketplace Appeals Call Center
USAID-0013-2023,0,0,0,0,0,0,0,0,0,0,0,1,0,0,0,0,0,1,USAID,NASA SERVIR - Mapping urban vulnerability using AI techniques
DOE-0009-2023,0,0,0,0,0,1,0,0,0,0,0,1,0,0,0,0,0,2,DOE,Machine Learning for Accelerator Operations Using Big Data Analytics / L-CAPE
NASA-0021-2023,0,0,0,0,0,0,0,0,0,0,0,1,0,1,0,0,0,2,NASA,Pedestrian Safety Corridors for Drone Test Range
DHS-0007-2023,0,1,0,0,0,0,0,0,0,0,1,1,0,0,0,0,0,3,DHS,Entity Resolution
DOE-0142-2023,0,0,0,0,0,0,0,0,0,0,0,1,0,0,0,0,0,1,DOE,UNET and other approaches for ML- based inversion
HHS-0144-2023,0,0,0,0,0,0,0,0,0,0,0,1,0,0,0,0,0,1,HHS,Prediction of transformative breakthroughs
HHS-0021-2023,0,0,0,0,0,0,0,0,0,1,0,0,0,1,0,0,0,2,HHS,Highly Infectious Patient Movement optimization
DOE-0028-2023,0,0,0,0,0,0,0,0,0,0,0,1,0,0,0,0,0,1,DOE,"Robotics, automation, and advanced manufacturing"
HHS-0107-2023,0,0,0,0,0,0,0,0,0,1,0,1,0,0,0,0,0,2,HHS,NCTR/DBB-CDER/OCS collaboration on A SafetAI Initiative to Enhance IND Review Process
HHS-0024-2023,0,0,0,0,0,0,0,0,0,1,0,1,0,0,0,0,0,2,HHS,Zero-shot learning to identify menstrual irregularities reported after COVID-19 vaccination
HHS-0102-2023,0,0,0,0,0,0,0,0,0,1,0,1,0,0,0,0,0,2,HHS,Development of a Comprehensive Open Access Molecules with Androgenic Activity Resource (MAAR) to Facilitate Assessment of Chemicals
DOE-0079-2023,0,0,0,0,0,1,0,0,0,0,0,1,0,0,0,0,0,2,DOE,"To build the first data analytics and artificial intelligence field laboratory for unconventional resources in the Powder River Basin, focusing on optimization of hydraulic fracture stimulations through the use of multiple diagnostic technologies."
DOE-0169-2023,0,0,0,0,0,0,0,0,0,1,0,1,0,0,0,0,0,2,DOE,Elucidating Genetic and Environmental Risk Factors for Antipsychotic-induced Metabolic Adverse Effects Using AI
DOE-0091-2023,0,0,0,0,0,1,0,0,0,0,0,1,0,0,0,0,0,2,DOE,"To develop a novel platform for secure data logging and processing in fossil fuel power generation systems using blockchain and machine learning to reduce down time for fossil energy power plants, limit reductions of power and reduce cost for repairs."
TREAS-0013-2023,0,0,0,0,0,0,0,0,0,0,0,1,0,0,0,0,0,1,TREAS,Taxpayer Accessibility - Machine Translation (MT)
DOI-0035-2023,0,0,0,0,0,0,0,0,0,0,0,1,0,0,0,0,0,1,DOI,Kaguya TC DTM Generation
DOC-0043-2023,0,0,0,0,0,0,0,0,0,0,0,1,0,0,0,0,0,1,DOC,WAWENETS
DOE-0045-2023,0,0,0,0,0,0,0,0,0,0,0,1,0,0,0,0,0,1,DOE,Develop fast predictive models using novel machine-learning based methods.
VA-0016-2023,0,0,0,0,0,0,0,0,0,1,0,1,0,0,0,0,0,2,VA,PredictMod
HHS-0151-2023,0,0,0,0,0,0,0,0,0,0,0,0,0,0,0,0,1,1,HHS,NIH Campus Cooling Load Forecaster
EPA-0002-2023,0,0,0,0,0,0,1,0,0,0,0,1,0,0,0,0,0,2,EPA,Enforcement Targeting
DOI-0036-2023,0,0,0,0,0,0,1,0,0,0,0,1,0,0,0,1,0,3,DOI,AI/ML for aquatic science
DOC-0032-2023,0,0,0,0,0,0,0,0,0,0,0,1,0,1,0,0,0,2,DOC,ProbSR (probability of subfreezing roads
DOL-0006-2023,0,0,0,0,0,0,0,0,0,0,0,0,0,0,0,0,0,0,DOL,Data Ingestion of Payroll Forms
DHS-0032-2023,0,0,0,0,0,0,0,0,0,0,1,0,0,0,0,0,0,1,DHS,Facial Recognition Service
VA-0017-2023,0,0,0,0,0,0,0,0,0,1,0,0,0,0,1,0,0,2,VA,Predictor profiles of OUD and overdose
DOE-0150-2023,0,0,0,0,0,1,0,0,0,0,0,1,0,0,0,0,0,2,DOE,Using ML to build predictive models of branching processes and develop novel algorithms for automated MIP solver tuning
DOE-0042-2023,0,0,0,0,0,0,0,0,0,0,0,1,0,0,0,0,0,1,DOE,Demonstrate how ML-based approaches can help operators during active injection and post- injection monitoring
DOE-0137-2023,0,0,0,0,0,0,0,0,0,0,0,1,0,0,0,0,0,1,DOE,To use computational tools to optimize the design of solid CO2 sorbents.
HUD-0000-2023,0,0,0,0,0,0,0,0,1,0,0,0,0,0,0,0,1,2,HUD,Consolidated Plan Pilot Analysis
DOT-0008-2023,0,0,0,0,0,0,0,0,0,0,0,1,0,0,0,0,0,1,DOT,Machine Learning for Occupant Safety Research
HHS-0060-2023,0,0,0,0,0,0,0,0,0,1,0,0,0,0,0,0,0,1,HHS,Brand vs Generic Market Share
DOC-0048-2023,0,0,0,0,0,0,0,0,0,0,0,1,0,0,0,0,0,1,DOC,Inventor Search Assistant (iSAT)
HHS-0070-2023,0,0,0,0,0,0,0,0,0,1,0,1,0,0,0,0,0,2,HHS,BEAM (Bioequivalence Assessment Mate) - a Data/Text Analytics Tool to Enhance Quality and Efficiency of Bioequivalence Assessment
GSA-0002-2023,0,0,0,0,0,0,0,0,0,0,0,1,0,0,0,0,0,1,GSA,Category Taxonomy Refinement Using NLP
HHS-0045-2023,1,0,0,0,0,0,0,0,0,1,0,0,0,0,0,0,0,2,HHS,"Center for Program Integrity (CPI) Fraud Prevention System Models (e.g. DMEMBITheftML, HHAProviderML)"
VA-0039-2023,0,0,0,0,0,0,0,0,0,1,0,0,0,0,0,0,0,1,VA,Social determinants of health extractor
HHS-0025-2023,0,0,0,0,0,0,0,0,0,1,0,1,0,0,0,0,0,2,HHS,Validation Study of Deep Learning Algorithms to Explore the Potential Use of Artificial Intelligence for Public Health Surveillance of Eye Diseases
DOE-0097-2023,0,0,0,0,0,0,0,0,0,0,0,1,0,0,0,0,0,1,DOE,To develop and evaluate a general drag model for gas-solid flows via physics-informed deep machine learning
USDA-0026-2023,0,0,0,0,0,0,1,0,0,0,0,1,0,0,0,0,0,2,USDA,Cropland Data Layer
DOJ-0001-2023,0,0,0,0,0,0,0,0,0,0,0,1,0,0,0,0,1,2,DOJ,Complaint Lead Value Probability
DHS-0016-2023,0,0,0,0,0,0,0,0,0,0,0,1,0,0,0,0,0,1,DHS,AIS Scoring and Feedback
DOC-0017-2023,0,0,0,0,0,0,0,0,0,0,0,1,0,0,0,1,0,2,DOC,Deep learning algorithms to automate right whale photo id
DOI-0009-2023,0,0,0,0,0,0,0,0,0,0,0,1,0,0,0,0,1,2,DOI,Sustained Casing Pressure Identification
DOE-0165-2023,0,0,0,0,0,1,0,0,0,0,0,1,0,0,0,0,0,2,DOE,Advancing Market-Ready Building Energy Management by Cost- Effective Differentiable Predictive Control
DOL-0010-2023,0,0,0,0,0,0,0,1,0,0,0,0,0,0,0,0,1,2,DOL,Electronic Records Management
